avg_speed,max_speed,speed_std,avg_accel,brake_events_per_km,idle_frac,oat,aux_power_w,soc,wh_per_km,range_km,trip_key
37.9004950621952,54.6299972534,16.409942678783477,1.1570919716606765,13.115614208412929,0.06201550387596899,5.0,2151.937984496124,96.341468811,126.89362191940806,163.99372126356806,10-1558
27.029516346786377,53.0499992371,16.044065282798982,1.279154378230719,15.810106074006496,0.06334841628959276,4.755656108597285,1561.764705882353,71.707321167,330.58859269496713,46.85213499294406,10-1561
23.479050071933163,44.0099983215,14.346100471437774,1.484632187428805,28.365713354434003,0.15053763440860216,4.924731182795699,1194.8924731182797,69.0243911743,200.97969659261724,74.18295850983226,10-1561
25.3206890472075,51.0399971008,16.925160369620734,0.6817232287114304,14.884871281932758,0.08661417322834646,4.5,1071.6535433070867,67.5609817505,231.01825570805426,63.16891283496616,10-1561
21.528492721798013,36.9300003052,12.329097352852173,0.9801936634034528,22.64111523821265,0.1511627906976744,9.252906976744185,1908.139534883721,71.0975646973,379.5149997953928,40.46499870333513,10-1567
25.677618548984153,41.8299980164,15.106510087973426,1.0963261040104342,24.134981633090568,0.18333333333333332,9.416666666666666,1431.6666666666667,68.9024429321,252.7026199024214,58.89502720264829,10-1567
34.37647878028873,49.0900001526,14.394395438359917,0.7031739424376544,7.315191780098864,0.06666666666666667,9.5,895.0,64.634147644,160.23607847548556,87.12754345919593,10-1568
31.409947825460925,58.7399978638,15.284666895875814,1.0247709417820559,20.14131494923606,0.08056872037914692,14.0,349.0521327014218,48.7804870605,230.62618721647826,45.68685513227424,10-1572
22.666685137069543,48.1199989319,15.25273883432828,1.1431284319654524,27.18075918412262,0.14634146341463414,14.28048780487805,431.7073170731707,47.6829299927,256.95866884526237,40.082371708679155,10-1572
25.143141073286248,42.9199981689,14.645184397407613,0.7265646338555181,6.144695813302561,0.17665615141955837,9.805993690851736,884.0694006309149,100.0,257.6080489336159,83.84831176438199,10-1578
48.11493712590333,73.9199981689,27.05447658130452,0.538325724628051,11.139108527381378,0.3135593220338983,15.0,130.5084745762712,93.2926864624,144.01568462910754,139.92378904960995,10-1585
40.77434173902909,65.9799957275,23.045654750966445,0.6847165850619653,8.322102870219686,0.16611295681063123,7.622923588039867,290.19933554817277,88.2926864624,115.73956986289278,164.77701013119813,10-1599
32.504940921698285,52.1899986267,17.017397477290107,0.7583879872950343,12.892482875503353,0.1461794019933555,8.0,181.56146179401992,86.4634170532,245.91783987045702,75.94446215585366,10-1599
24.6872245978322,50.719997406,15.656740606016344,1.0946271939323278,6.041163152634033,0.25680933852140075,8.0,135.7976653696498,84.634147644,133.85396366786358,136.5740347926133,10-1599
31.272005807410395,50.8299980164,16.277870772753367,0.6694562526705172,5.981272890959381,0.14606741573033707,1.7317415730337078,1981.6011235955057,100.0,287.0884736855826,75.23813033210166,10-1601
36.25684129062484,64.7900009155,21.437251182463967,0.9272698713389964,11.230054854638357,0.13636363636363635,1.0,549.5454545454545,98.2926864624,237.43134647759666,89.42046023346674,10-1615
50.51646190900817,67.9899978638,17.216643232587952,0.8596556820947372,2.5024533301786014,0.051829268292682924,5.696646341463414,366.9207317073171,61.707321167,207.77808898258485,64.1491190786203,10-1625
30.825376726545567,48.7599983215,16.639267802937226,1.2340272735574767,12.610725785865382,0.18773946360153257,6.0,256.7049808429119,60.8536605835,80.57326151160699,163.13588949284977,10-1625
28.326040438541675,50.3400001526,14.99336656302303,0.8022071095095331,8.626090930775396,0.08333333333333333,5.556451612903226,693.010752688172,87.0731735229,256.1996120610112,73.41074925776049,10-1629
27.127882991516184,50.3699989319,16.57430920128585,0.5845580007780126,11.409924693132265,0.16740088105726872,6.0,396.0352422907489,84.7560958862,125.50520677805196,145.86898170523344,10-1629
49.37995321750295,67.4300003052,25.388981274397523,0.3425997409375365,4.454596771950674,0.23875432525951557,4.226643598615917,1190.311418685121,95.7317123413,170.17553670034368,121.51011988363564,10-1638
29.053585510559973,52.6399993896,15.84496887570324,0.5637971696562604,5.043149296325261,0.0653950953678474,4.5,714.850136239782,93.7804946899,221.31964886337965,91.52638257402425,10-1638
31.687117829839544,54.75,16.271863154514648,0.9276900713541113,9.987207756540515,0.15311004784688995,4.5,542.5837320574162,91.0975723267,244.88879624029107,80.3510651555474,10-1638
46.02632372739603,72.3499984741,20.232810449456164,0.5290648286501232,2.829038401598858,0.056451612903225805,4.506720430107527,446.63978494623655,74.7561035156,182.58682733711453,88.43638171967582,10-1644
36.63426932128752,60.7399978638,20.270728685068438,0.6643199109238899,3.8547628750402443,0.22916666666666666,5.0,372.0833333333333,71.5853729248,239.668180410096,64.51603431585717,10-1644
49.31055639454498,66.5,16.384618950440142,0.3437043795002357,2.4008298705814424,0.0701219512195122,5.0,350.0,70.6097564697,117.73550619394902,129.54212276737175,10-1644
34.56379411281969,54.2700004578,20.909162517050813,0.6144219939007679,6.435223779823304,0.2471042471042471,5.158301158301159,282.04633204633205,68.9024429321,95.36424696176286,156.06401924718224,10-1644
36.08219844770183,50.3199996948,17.05685093400408,0.6346935332932934,2.744491045590241,0.1602787456445993,5.47212543554007,0.0,67.5609817505,186.70106353464627,78.16330438524757,10-1644
42.66775767830621,64.9499969482,24.832026458868008,0.5865169464039219,10.665245068317102,0.275,1.7354166666666666,1877.0833333333333,100.0,342.2152783966015,63.11816380964512,10-1674
46.77705748782465,67.2999954224,24.915952886207084,1.0705794068061851,1.5833604111092257,0.205607476635514,0.9042056074766355,574.5327102803739,100.0,374.2003850053397,57.723083314550244,10-1674
55.18999862669999,55.1899986267,1.4210854715202004e-14,0.0,0.0,0.0,0.5,350.0,100.0,488.56678149934345,44.210946830467286,10-1674
28.979627021749312,48.4199981689,14.567404011758011,0.5062415846610206,10.257974671151072,0.064343163538874,3.831099195710456,3398.3914209115283,100.0,329.46712565293393,65.56041048767274,10-1707
42.96858485620071,66.8899993896,24.243136030441523,0.5982350425572875,5.974952098705669,0.1027190332326284,4.0,1759.6676737160121,100.0,190.87153544285786,113.16511888419579,10-1707
43.78551250205874,67.4499969482,19.88384533762758,0.39392296384889164,5.503565354594033,0.09034267912772585,6.5,387.53894080996884,70.2439041138,178.17228988231815,85.15736817774682,10-1712
21.655901034349345,53.1499977112,15.832099243684054,0.4431180980146955,10.320436980155753,0.18394648829431437,6.5,257.52508361204013,68.6585388184,209.1318053635273,70.91338574252467,10-1712
20.74313595462022,37.9599990845,12.002773077474425,0.6336087406662327,14.121707822166588,0.1557632398753894,6.5,271.49532710280374,67.6829299927,156.74867065053786,93.26722081756317,10-1712
47.205752372742495,79.8799972534,24.08937627016851,0.3793518265573519,5.994172914510332,0.12574850299401197,-0.2949101796407186,1570.3592814371257,71.8292694092,244.59755304847457,63.431224061805715,10-1721
23.583115429979856,54.8099975586,15.368385624742698,0.9493238521607532,12.61504620045716,0.14285714285714285,0.0,1444.5652173913043,68.9024429321,270.4164007012518,55.037074802928935,10-1721
25.80711050828489,46.4500007629,15.24341156964912,1.2704635215328517,22.367476704538536,0.1509433962264151,0.0,1025.7075471698113,67.3170776367,350.8134793061637,41.44791927119013,10-1721
39.623321905405646,58.1099967957,17.681044134822276,0.4659791473694503,7.621759302879752,0.10140845070422536,0.780281690140845,1681.5492957746478,86.0975646973,235.3113844264701,79.03176473991634,10-1725
27.64348116770603,46.969997406,16.564864792345837,0.8595786337272239,9.65532668818457,0.19281045751633988,0.8284313725490197,1131.045751633987,77.5609741211,297.1671910003014,56.37624514928571,10-1727
37.17225884932658,52.1399993896,17.84967711167864,0.673907651789441,4.8320747876397805,0.13333333333333333,0.39791666666666664,850.2083333333334,73.6585388184,111.82019851613929,142.28417223278348,10-1728
29.022667964545644,52.7799987793,15.375563595304659,0.8082215966383289,6.455225535745981,0.11891891891891893,-11.582432432432432,3837.162162162162,96.9512252808,441.02965150812304,47.48312180154421,10-1737
29.759793996809996,52.1399993896,19.111125384879806,0.9511865509379596,26.800924764381875,0.416,-12.0,3866.0,94.0243911743,549.2634990620236,36.975456276142346,10-1737
48.22611296918304,77.3199996948,19.506529896372086,0.4736952235977015,2.1756741752692506,0.03258145363408521,-12.0,3828.3208020050124,92.3170776367,336.7727818928556,59.21051178022835,10-1737
27.11816033001697,45.5,14.424951175787175,0.8416990584271504,13.36401010246255,0.09375,-12.0,3802.0833333333335,88.2926864624,375.27305922005024,50.81958272068642,10-1737
22.253928071685582,49.1899986267,14.1869276676878,1.3436890728336963,17.428728067311233,0.2797427652733119,-4.051446945337621,2276.6881028938906,97.0731735229,519.9472150754975,40.32679639971113,10-1756
18.92206439894964,41.0400009155,12.081969997351514,0.5602742895681251,13.540824834343551,0.2108626198083067,0.8482428115015974,1633.2268370607028,100.0,378.38615922337226,57.084540418532846,10-1761
17.407044386507465,40.6499977112,8.761142773465464,0.9002596445466139,7.540858216415479,0.10427807486631016,1.0,1169.6524064171124,100.0,390.9236893895317,55.25375050494039,10-1761
40.29425576616227,65.7299957275,20.53260317686906,0.673819234568449,5.032703260018257,0.07046070460704607,1.0,917.7506775067751,98.7804870605,146.125239702303,146.01574134993,10-1761
32.284403033214744,51.0,15.40869958761649,0.6978588023932351,8.397440802180755,0.08403361344537816,1.0,600.7002801120448,97.1951293945,342.156628762081,61.35829671097882,10-1761
29.0363843138753,43.3400001526,15.066313112702888,1.0754325681908246,7.480027564028886,0.12704918032786885,1.0,413.11475409836066,95.4878082275,185.1403384210088,111.4039584946526,10-1761
35.820095797091355,56.0599975586,21.391863448689058,0.6562514294364343,11.196107167025698,0.2837370242214533,0.8339100346020761,2395.1557093425604,80.1219558716,452.69428542808316,38.229646419989884,10-1765
51.986952728236695,79.0999984741,23.005883163050243,0.670402433660149,3.432023555889585,0.07446808510638298,0.5,2513.9627659574467,78.0487823486,246.82016527846116,68.30291588322166,10-1765
46.00969398894178,73.3099975586,28.6598990548135,1.271424388012313,3.3526141845929,0.2838427947598253,0.08733624454148471,2253.2751091703058,74.5121917725,305.7262706687533,52.64393337103219,10-1765
42.46947617468471,65.1599960327,22.444468264954963,0.5744841261634719,5.533710929854145,0.10526315789473684,-0.9941520467836257,1597.2222222222222,99.1463470459,194.55119475431795,110.07699535825695,10-1769
36.661769202034534,53.3099975586,16.495686320565387,0.5308313848473127,5.462442928274816,0.08522727272727272,-0.7670454545454546,1159.090909090909,96.8292694092,259.45999729240316,80.6101996864531,10-1769
44.941565961978135,74.5199966431,25.01998461323292,0.2996340198539756,7.083031752984485,0.1492063492063492,0.5793650793650794,1613.015873015873,87.9268264771,179.95531802781434,105.5383899025319,10-1771
32.24361146178837,68.9899978638,19.265497920124908,0.6957063675892878,9.163707848063975,0.2226027397260274,1.0,981.6780821917808,85.7317123413,396.8439024613467,46.66330955538491,10-1771
16.5383552084988,40.4199981689,12.582051857920412,0.5430359594063741,13.37823165270109,0.18181818181818182,1.0,662.9090909090909,83.1707382202,275.1343314233014,65.29493924887097,10-1771
22.98882298232457,40.8099975586,14.121498504422945,0.6955792404721945,8.530283736647648,0.19927536231884058,1.0,445.28985507246375,82.1951293945,223.1067089612542,79.57693442690365,10-1771
40.43560602279219,64.0800018311,16.615678275664106,0.4780347748551692,4.549664505728312,0.04419889502762431,11.672651933701658,562.8453038674033,87.4390335083,181.17352629198524,104.24719121133711,10-1778
34.83666602392057,56.4300003052,15.59232528027641,0.7900296987347492,8.950886384221793,0.10764872521246459,12.171388101983004,770.3966005665723,85.7317123413,153.9349758233428,120.2978710112787,10-1778
18.124527910218053,29.9699993134,7.628363076307715,0.34180901290206556,9.993205543605754,0.0782608695652174,-7.5,3865.942028985507,98.6585388184,493.4692240108725,43.1845459612794,10-1781
43.41054561590576,71.0499954224,23.785569444497614,0.47829679910741246,3.0683366940550605,0.11142857142857143,-6.748571428571428,3135.0,40.1219558716,328.1597253024406,26.408915537330095,10-1793
24.049011231412567,40.7599983215,13.674015343664891,0.4640295155500408,12.665807615489491,0.1891025641025641,-6.5,3036.0576923076924,36.5853652954,528.8133771097836,14.943719742864646,10-1793
18.507244160971023,38.5400009155,10.232859249476302,0.7030615004074763,21.469960021665027,0.24496644295302014,-6.5,2861.577181208054,34.1463432312,579.1405823836449,12.735439999011005,10-1793
22.378365943933563,40.0799980164,13.99299680384515,0.6061124671248787,20.615211608751878,0.2785714285714286,-6.5,1766.9642857142858,26.4634170532,400.91597371764925,14.25759625012308,10-1793
13.91610751466353,27.0100002289,8.599031224414102,0.7260796085043837,26.334949744808576,0.36742424242424243,-6.5,1650.5681818181818,25.0,550.0922983920276,9.816534453917491,10-1793
22.170951983758094,39.5400009155,12.99668161024834,0.627515919969214,19.516280461932443,0.35384615384615387,-6.338461538461538,1373.076923076923,23.7804889679,356.04702648661566,14.426705561209037,10-1793
56.04190643457105,72.2900009155,20.18890954566828,0.5823456315071476,2.6672744929244954,0.07670454545454546,-4.769886363636363,1360.0852272727273,75.4878082275,159.98920713678564,101.91541585176701,10-1799
38.11591658460848,62.1399993896,19.6324827474004,0.7819954797768988,9.528249866874804,0.18352059925093633,-4.5,1172.6591760299625,72.4390258789,169.49527685085997,92.31425134996624,10-1799
40.81597228338081,58.7799987793,22.7211456921872,0.4622652815546297,5.670455824102729,0.3521739130434783,1.0,1814.1304347826087,86.8292770386,312.39435105410024,60.03669329183741,10-1804
33.27546537932847,56.0499992371,19.295305580405756,0.5272543307163,7.939359896541891,0.19727891156462585,2.7551020408163267,988.265306122449,100.0,302.1198072828926,71.49481589525391,10-1808
50.936485441311326,68.4199981689,16.072374291813784,0.3626090618481765,2.833706439249866,0.028871391076115485,3.3031496062992125,1006.9553805774278,100.0,193.10445039170438,111.85656237432796,10-1808
31.70822881792571,59.5499992371,17.85491060044214,0.6396347155020063,13.510308620563515,0.10294117647058823,3.5,757.2058823529412,98.6585388184,176.22958715562578,120.92319302748884,10-1808
28.123669805594794,58.4199981689,17.833024695329833,0.9044931184230305,5.73601465411518,0.14423076923076922,3.5,411.0576923076923,96.707321167,271.06492680736307,77.06191139555642,10-1808
41.95805447382528,75.5899963379,25.332387656235994,0.5883124998430431,7.230001259303583,0.102803738317757,3.9283489096573208,383.0218068535826,95.8536605835,168.51216636606674,122.86585077221605,10-1808
51.06281143000933,74.0999984741,24.83673459796294,0.3806137041857253,6.295232758810712,0.1417624521072797,4.0,340.6130268199234,94.1463470459,109.60306194830275,185.53871215300757,10-1808
44.78296714115431,57.4899978638,18.752083947260115,0.2872349070654806,4.736168723081917,0.12111801242236025,4.934782608695652,1264.9068322981366,94.2682952881,252.23304479544655,80.7267414098836,10-1814
44.87079269734758,59.2700004578,21.670495946869572,0.4218041970168792,2.723779141603959,0.13402061855670103,4.115120274914089,445.53264604810994,92.0731735229,109.04283026073958,182.38526488528723,10-1814
47.80007325140141,60.0299987793,19.316293017351057,0.5657007190192015,1.6607250960736364,0.1237785016286645,4.337133550488599,721.0097719869707,96.707321167,255.5374550744242,81.74449951373364,10-1816
49.62951307837219,60.6499977112,16.159118497506537,0.22199118126134035,4.411679926361235,0.05725190839694656,3.9389312977099236,591.0305343511451,92.6829299927,85.60908916269908,233.84798359875487,10-1817
30.01448833831662,59.7799987793,16.453448648095797,0.6889802575283576,8.387837323810867,0.07183908045977011,9.5,59.48275862068966,99.0243988037,211.5458580123646,101.10937809214408,10-1824
26.702888268893336,41.9799995422,14.722112261599388,0.6749475324538189,5.7400450099018885,0.18181818181818182,9.838636363636363,102.72727272727273,97.1951293945,71.05567677367169,295.46053042437524,10-1824
35.92726144409749,58.6499977112,19.258893493844628,0.4691821770116904,10.00077694543718,0.17295597484276728,-0.13050314465408805,1855.9748427672955,67.9268341064,275.8629262945708,53.18654581121639,10-1831
23.94283594649524,40.6800003052,14.045697970535066,0.9562512119202624,11.718709862590188,0.22676579925650558,0.0,1572.4907063197027,65.4878082275,220.64956963139107,64.10783669676184,10-1831
25.382548262089117,56.9499969482,17.401144806515926,0.8644381872837237,18.382651545631028,0.289198606271777,-3.362369337979094,1448.2578397212544,98.5365905762,314.14723887396957,67.75136283466726,10-1835
41.18891716622779,71.2200012207,26.23860274798599,0.4466966085349246,5.853426678389394,0.22742474916387959,-3.2525083612040135,1433.6120401337794,97.3170776367,241.51614476401133,87.035542862224,10-1835
37.41796879045812,56.8799972534,16.418643181103427,0.5599578582072853,7.820386423431411,0.0807799442896936,-3.0,1221.1699164345405,95.8536605835,272.80104195842705,75.89557040325089,10-1835
31.156493608982757,49.5099983215,17.811266939053176,0.8406552455153598,11.357979894585291,0.18691588785046728,-3.4789719626168223,1057.7102803738317,93.2926864624,255.85954732971368,78.75891474907718,10-1835
27.510421980435844,53.2099990845,13.992665140834333,0.595921823037542,8.817783295542721,0.14457831325301204,-2.0105421686746987,2389.3072289156626,69.7561035156,244.861328777456,61.534087210086334,10-1838
26.549290437307384,46.5999984741,14.837437332666122,0.8086845687302392,12.473754761856087,0.13548387096774195,-2.1032258064516127,2057.2580645161293,67.9268341064,221.1520196865841,66.34439146328297,10-1838
50.536569392641695,74.4899978638,23.29411058899782,0.5496615948063832,3.758212871085621,0.07466666666666667,-2.576,3196.6666666666665,88.1707382202,311.8231390441352,61.075901916527116,10-1849
37.42277848132138,73.4700012207,17.16686016260238,0.48875960599988394,4.582963745462218,0.0399002493765586,-1.945137157107232,2666.4588528678305,84.0243911743,174.991690803461,103.71503018410658,10-1849
25.031155998196734,51.0299987793,16.0041638963954,1.0345080644120717,19.858952542999678,0.41434262948207173,-1.302788844621514,2186.2549800796814,81.0975646973,480.79969359595833,36.433205361685054,10-1849
34.64293177325903,53.6199989319,17.739536087278335,0.48508998612461895,13.150015393029673,0.17901234567901234,-1.0,1955.2469135802469,79.3902435303,298.54366592951584,57.43981386827814,10-1849
53.88353566844033,74.4000015259,17.651756841404634,0.3722831507571776,3.916470656914005,0.005063291139240506,1.5974683544303798,721.3924050632911,71.0975646973,132.15825275758098,116.20215653718132,10-1850
35.04095764891099,63.8400001526,18.687271699914564,0.5122312869621716,4.721305452798943,0.10826210826210826,-5.286324786324786,3622.5071225071224,58.1707344055,337.67461852681294,37.21001799426121,10-1871
40.86935594687576,62.2599983215,20.41060803023219,0.40299068367068475,4.8413656616500305,0.11142857142857143,-5.08,3539.285714285714,55.3658561707,238.0755727739471,50.232053601846424,10-1871
40.98181168735094,59.8799972534,17.440628271600566,0.4894507402092292,4.354174803359145,0.07514450867052024,-5.4393063583815024,3500.0,52.9268341064,283.17715801378813,40.37118052588746,10-1871
34.47920902811915,50.7999992371,14.98693521081926,0.6739552310901481,5.617018338231941,0.10840108401084012,-5.571815718157182,3524.390243902439,50.2439041138,247.2037372928101,43.90177675884373,10-1871
40.68984539080831,57.75,13.412014118503262,0.33662880692376984,5.496874092409711,0.015151515151515152,-7.351010101010101,697.8535353535353,95.6097564697,229.25655021489516,90.08120979791934,10-1875
55.92340078714031,75.6800003052,26.51860426015405,0.7469250496066637,2.1384209794653786,0.15406976744186046,-7.77906976744186,2393.75,33.6585388184,153.27225638624432,47.43353139170514,10-1897
50.59437854344744,64.9899978638,22.890846201480418,0.35464654049391897,3.1993569961841115,0.18354430379746836,-7.305379746835443,1908.0696202531647,32.0731697083,166.33956502512544,41.648567831389734,10-1897
31.16017615554452,54.0799980164,11.270334896581595,0.30193321765434905,4.374552632739137,0.012468827930174564,-1.7169576059850373,1293.5162094763093,66.0975646973,234.6517656793377,60.84366735227158,10-1914
31.33625949559818,50.5900001526,13.496021767921228,0.5714798030631015,9.213230054533145,0.05141388174807198,-9.314910025706942,3253.8560411311055,100.0,392.72295555065546,55.00060461124208,10-1920
27.3818492376802,49.0599975586,15.948190945089218,0.5207618180061825,13.249082603505018,0.2857142857142857,-9.480357142857143,3692.8571428571427,96.8292694092,395.91234501017146,52.8276585865234,10-1920
49.54577301086994,73.5299987793,22.63235805419031,0.35131672582659007,5.107983748080343,0.11428571428571428,-9.0,3780.0,94.3902511597,346.02066703880195,58.92218642595965,10-1920
31.22731908803807,49.4500007629,13.981201268098589,0.5805606541352252,9.919732811369427,0.05449591280653951,-9.08991825613079,3980.2452316076296,90.4878158569,367.43813275244503,53.19363039072144,10-1920
25.40114311652064,44.4199981689,12.085481153199893,0.49421846131100877,11.248422674588117,0.04081632653061224,-6.843112244897959,3339.285714285714,99.6341552734,451.22326309240555,47.694742934047575,10-1928
26.434507106870825,58.9899978638,18.045226414626228,0.9788425070053112,12.543564459322724,0.31560283687943264,-7.111702127659575,3683.5106382978724,96.8292694092,503.8324837680997,41.51205582451857,10-1928
38.44973990965035,54.6199989319,15.726713125839236,0.39326595329183156,3.5026218051432156,0.06970509383378017,-6.5,2864.7453083109917,92.9268341064,308.74419967485267,65.01238302815405,10-1928
24.88344864638162,45.9599990845,14.413448447347562,0.860246205050384,15.817335544177098,0.09921671018276762,-6.6827676240208875,1593.3420365535248,90.9756088257,398.0571431271487,49.36660940681649,10-1928
35.20667699643236,86.3699951172,18.8791358369138,1.0216857722393613,11.281362557019113,0.11988304093567251,-6.362573099415204,2859.6491228070176,66.341468811,308.4136481510296,46.46278577191482,10-1936
28.197947477363638,46.7999992371,12.195545657255888,0.6913668855466564,8.447870970992218,0.04702970297029703,-8.0,2155.8168316831684,90.4878158569,364.23776519803226,53.66101511869255,10-1949
26.08041602000573,50.1899986267,16.846216749396607,1.0149294321403404,9.14264215220604,0.27547169811320754,-8.149056603773586,1890.0,88.048789978,241.06513537347521,78.89377535155853,10-1949
48.98521653169236,61.0699996948,26.871398054544073,0.5247828206134465,3.9430343979881943,0.39473684210526316,-8.5,1619.7368421052631,86.9512252808,320.8120615333392,58.543511646306996,10-1949
38.1615859448562,59.8199996948,17.81346284271687,0.7464048404801953,8.54712079013181,0.07222222222222222,-8.5,1459.5833333333333,86.2195205688,329.5927808684959,56.504321465376236,10-1949
16.62206585741876,45.7399978638,12.749965420994139,1.166582693098007,14.782657850635436,0.45248868778280543,-2.5,1357.2398190045249,69.5121994019,456.70573308446285,32.87595049312334,10-1951
43.55326371646661,64.9599990845,27.105608296217447,0.28450273206478627,2.1019375069356903,0.18791946308724833,-2.5,1198.8255033557048,68.4146347046,178.1660660819708,82.94262437940752,10-1951
36.393172096598356,65.8600006104,19.599072653886882,0.317652530118,5.683751426534271,0.04594594594594595,-2.0324324324324325,882.2972972972973,67.1951217651,150.91329948005333,96.17539574886823,10-1951
35.39251056436228,61.2700004578,16.465654099072882,0.9063591554625962,6.412839084948321,0.05603448275862069,-4.0,1399.1379310344828,58.0487861633,114.69667950201413,109.31910030623526,10-1954
35.2220159578692,76.6999969482,21.077971305869525,0.4112826572170005,9.448436881864671,0.13454545454545455,5.0,350.0,77.4390258789,158.77426745000926,105.3497513072067,10-1962
59.61313425484406,76.9199981689,13.313627736284804,0.18849516190323837,1.5221415395259763,0.0,5.0,345.97457627118644,76.4634246826,186.0777176839051,88.75914825813759,10-1962
39.77149209170025,56.5699996948,17.082180073404658,0.4483236950189269,4.801713994497268,0.07068062827225131,3.4541884816753927,2707.0680628272253,100.0,199.39258824168076,108.32900154653173,10-1996
44.99544837371313,83.7399978638,23.618179270280187,0.6917614394111177,4.132756702968557,0.07258064516129033,3.0,2689.9193548387098,100.0,326.98311220054455,66.0584574372524,10-1996
54.44415070438581,84.439994812,21.958163138633623,0.5405018568822448,4.363351237457307,0.031161473087818695,3.0,2397.875354107649,98.5365905762,247.85923545356815,85.87093204540425,10-1996
28.782606628467192,63.7099990845,16.13619354194352,0.409286318108303,8.810479378761057,0.11403508771929824,-0.5,1714.6198830409357,100.0,198.53697731892564,108.79585401011829,10-2002
51.77763039545869,74.5100021362,25.82137832976386,0.4832795388243133,5.5215773529795955,0.1608832807570978,-0.5,1442.5867507886435,99.3902435303,235.8181740326626,91.03748127390419,10-2002
27.522790675512642,75.5699996948,17.745476021182554,0.7944217114138179,7.333420625746684,0.09444444444444444,-0.5,1065.4166666666667,97.8048858643,291.60016894357506,72.44802162915302,10-2002
48.11741497532588,62.6399993896,19.731017083822724,0.27403633629011054,2.636338692521982,0.09422492401215805,4.0,600.0,88.5365829468,136.66672833580353,139.93092649089763,10-2010
33.74284405543789,52.3499984741,18.729594009777543,0.6809691112037307,11.726481542650006,0.15942028985507245,4.192028985507246,379.89130434782606,85.9756088257,96.11527653825067,193.21311008204472,10-2010
46.58627620752883,59.5999984741,7.534608691939823,0.338016181122473,2.2643228163468008,0.0,4.0,350.0,75.3658599854,78.99177860889849,206.0850640855497,10-2011
45.78873795708076,59.9399986267,13.851981472093126,0.31258522903685554,4.1830977619302265,0.03672316384180791,1.3432203389830508,1254.6610169491526,100.0,136.07512848126345,158.73584130382918,10-2019
57.372768493864434,83.9300003052,29.640881962483572,0.5894225201284563,4.8436434078107204,0.15501519756838905,1.9635258358662615,1078.419452887538,99.7561035156,291.7603451363249,73.8527998015002,10-2019
57.05934680199452,91.3499984741,29.728708388092738,1.3409437725347153,8.82511610615117,0.12933753943217666,2.0,589.9053627760252,96.9512252808,227.8569641557762,91.90618657736528,10-2019
36.56535132278478,54.3699989319,19.514242772369176,0.5883378374053361,5.85943477714629,0.16141732283464566,6.5,398.4251968503937,100.0,206.52034493954827,104.5901797535863,10-2029
39.25417249459063,63.7099990845,21.324178925068715,0.33801967996316995,9.68151295426113,0.156794425087108,6.552264808362369,300.0,100.0,106.91775243588489,202.02444877386307,10-2029
59.798374522261206,79.0800018311,22.063992289521465,0.47177513232042817,4.4672972342712445,0.0626865671641791,7.028358208955224,0.0,100.0,187.82941826399716,114.99796038148223,10-2029
57.05188556886918,103.430000305,30.638899788328615,1.6320978978878038,7.382204490066424,0.08620689655172414,6.775862068965517,0.0,98.9024429321,237.38509199432102,89.99270971002959,10-2029
44.61631728997811,65.4499969482,24.358893499194316,0.4271366284787021,6.233051727082916,0.17959183673469387,13.761224489795918,6.73469387755102,100.0,66.90326104133135,322.85421762410056,10-2034
56.334310023677574,76.0800018311,24.035276865142603,0.9882011756593418,2.919606321312027,0.09508196721311475,14.454098360655738,2.459016393442623,100.0,215.53030025417848,100.21792747714247,10-2034
38.55222136342381,55.5399971008,19.074583163625373,0.3907264763011691,10.12125047201808,0.12686567164179105,14.171641791044776,0.0,99.8780517578,170.74822801901777,126.34777783627686,10-2034
46.643106138703786,67.4899978638,22.26053108604933,0.6527984534200958,6.409984918385766,0.1111111111111111,13.5,63.492063492063494,95.1219558716,101.81939929672761,201.79202205257891,10-2035
39.068450483600316,62.5499992371,22.75754517408732,0.6339237939310393,9.924981728421455,0.17216117216117216,13.5,13.91941391941392,94.3902511597,187.79723693091003,108.56546445353712,10-2035
24.92046163963908,47.7099990845,14.315132714577313,0.7979418876123807,15.737304342739524,0.13138686131386862,-4.0,0.0,98.2926864624,195.16232870525644,108.7874920161606,10-2079
27.870493248166998,62.5200004578,20.935614997668836,0.5736747499533862,7.9113388330673535,0.12903225806451613,-4.0,0.0,97.3170776367,158.93948002554876,132.25467181689697,10-2079
39.91116908665696,62.8899993896,17.911613847988782,0.4372857905156101,4.750080266946324,0.02710027100271003,-4.0,0.0,96.4634170532,157.78094269960542,132.05712760355632,10-2079
39.474510833468045,62.6299972534,18.614237097927468,0.4516179591182495,4.1444769106147925,0.06896551724137931,-3.7711598746081503,0.0,95.0000076294,171.34114030879726,119.76108954900442,10-2079
47.06126610955342,63.5399971008,18.774677026141145,0.644587823620568,2.2147411952051717,0.048859934853420196,1.0,350.0,66.707321167,155.8549660425331,92.44993430712896,10-2095
41.56311860376323,68.7299957275,20.18822496483571,0.5188792655056886,6.743689223617272,0.07795698924731183,0.7163978494623656,1239.9193548387098,100.0,191.9032899533289,112.556694599937,10-2099
35.45270478562271,58.1800003052,19.1800545959196,0.9376241896713187,7.064041829507375,0.1436950146627566,0.6598240469208211,764.6627565982404,100.0,226.99301216816727,95.15711428155193,10-2099
35.336342615869995,50.75,19.892213213406663,1.0151939158184595,6.9562348946429475,0.2677595628415301,0.5,691.2568306010929,100.0,315.91190945157615,68.37349069079939,10-2099
47.57298833478585,65.9099960327,16.8058467955829,0.5897330566719561,4.355726593476379,0.03076923076923077,-4.5,2128.846153846154,100.0,210.38753177846738,102.6676810047101,10-2102
51.83280423431389,77.4099960327,28.391519131270027,0.3759028326711913,7.162786590883434,0.2608695652173913,-4.207357859531773,1558.695652173913,99.1463470459,320.74625361866964,66.76807825595087,10-2102
48.372709389733444,75.6199951172,20.716949192306163,0.43295114580638244,4.171271309093073,0.02564102564102564,-4.0,1527.6923076923076,97.0731735229,269.02451801410814,77.94012841553278,10-2102
55.823285124276126,75.7999954224,19.514102473530798,0.4226239822728796,3.512484433130161,0.0481283422459893,4.208556149732621,94.25133689839572,76.4634246826,127.99806894650573,129.03397580430828,10-2105
52.02102203147592,80.8300018311,27.506743541293112,0.48274202074373734,6.292315564436112,0.20074349442379183,4.760223048327138,118.95910780669145,74.2682952881,96.77478283050976,165.76582569371703,10-2105
43.42179897308046,64.7799987793,16.46316392729561,0.45530996871320434,4.091460904437874,0.04891304347826087,4.5,19.70108695652174,73.0487823486,197.22816313814533,80.00143963337413,10-2105
38.007087671300475,67.4199981689,22.471711715471592,0.33833314652782603,10.027271406269023,0.22295081967213115,-1.3,1993.7704918032787,100.0,215.281127395245,100.33392272395304,10-2107
52.482298292381316,73.5499954224,26.28585400185462,0.42950464965455465,3.979351369484055,0.15170278637770898,-1.0,1737.3065015479876,99.6341552734,248.05529090372906,86.75879260888956,10-2107
47.89482309947598,74.2900009155,23.562770578360478,0.9129443310837021,4.871387710866795,0.0953757225433526,-1.0,1640.4624277456646,96.9512252808,269.0782110015287,77.82668311457529,10-2107
52.52012390136725,68.5,11.09978042871632,0.38605537163677073,1.0212587229593533,0.0,-5.5,2988.5,99.1463470459,272.2207838990788,78.67000695234891,10-2112
42.70679280048038,61.5,25.367368485244956,0.6220318773634216,8.680975961019255,0.4018264840182648,-5.5,2292.4657534246576,96.0975646973,190.44884570115119,108.99028501957117,10-2112
31.89137841690727,53.969997406,16.561453427891124,0.8525482433486756,7.6566234581080606,0.09375,3.497159090909091,1936.7897727272727,77.6829376221,296.27671659389995,56.63460402584695,10-2121
46.82999891042593,62.8499984741,16.056100494742417,0.43075902751398687,5.344627590251886,0.044444444444444446,-2.2472222222222222,1998.4722222222222,100.0,174.02426705821676,124.12062044642371,10-2133
49.43720432163034,68.9199981689,21.826186605860812,0.5219626988394093,4.751726453923268,0.11343283582089553,-2.4746268656716417,1567.1641791044776,99.2682952881,232.80686651689243,92.10188729838765,10-2133
41.60826898180589,75.1999969482,22.21789374226757,0.5516124382193032,6.473114568269829,0.06060606060606061,-2.005509641873278,1415.2892561983472,96.4634170532,238.15255696252302,87.49054954203193,10-2133
43.806265159082436,61.6899986267,18.430680719065947,0.5956695859196983,6.9021511790005565,0.09411764705882353,-0.5,1434.7058823529412,100.0,164.97322217218658,130.93033957629532,10-2143
49.4447740944082,71.8199996948,24.103641446552057,0.43681483606144195,2.9182577320968446,0.16382252559726962,-0.5,1412.2866894197953,100.0,237.1703697428915,91.07377124476317,10-2143
46.05963386042731,80.5599975586,19.625531143431136,0.4376807176822199,5.723931327316092,0.043010752688172046,-0.43951612903225806,1044.758064516129,98.9024429321,244.1704973361112,87.49184650235041,10-2143
49.70808931191535,75.0100021362,23.59664550763966,0.40715069286272726,4.023827899681909,0.09717868338557993,5.0,298.9028213166144,90.1219558716,96.18271023194619,202.3892071799827,10-2144
38.44515354103422,61.8299980164,20.31497001058792,0.8989235798104713,3.2667969790815516,0.0898876404494382,5.23314606741573,315.8707865168539,88.1707382202,206.9444680753493,92.02893719598671,10-2144
45.227562008121225,77.5699996948,23.44355553809667,0.7811078495528793,2.048406422589924,0.05305039787798409,3.970822281167109,956.7639257294429,98.414642334,217.409573635394,97.77657160486376,10-2146
50.04388425911682,63.9599990845,27.28334995578081,0.30772730540825416,6.994756243963819,0.3022222222222222,2.7311111111111113,779.5555555555555,96.5853729248,207.5472768760236,100.5189798959337,10-2146
46.673075873332785,64.3399963379,19.980484475259683,0.531712177964162,6.094720532496785,0.09302325581395349,2.5,466.27906976744185,96.341468811,170.66762845057144,121.93148432482552,10-2146
60.004401451087645,76.2699966431,21.156663811639,0.1537330708593424,2.647798200783186,0.054838709677419356,2.361290322580645,350.0,95.0000076294,104.96663722169924,195.49070248492632,10-2146
55.78812833826986,79.0400009155,26.39724065645564,0.639207008038368,0.0,0.1871345029239766,2.4005847953216373,350.0,93.5365905762,229.06284896572168,88.20244599106786,10-2146
21.63243581511462,48.6299972534,13.049020932469926,0.7857094897476828,15.553412067686738,0.15902140672782875,-2.0,986.697247706422,93.4146347046,207.68522677169332,97.1545324134905,10-2150
26.578749437543603,48.8799972534,17.606358442536212,1.4726770802944424,14.363434355203049,0.3615023474178404,-2.0,811.0328638497652,92.5609817505,142.18772793030567,140.61109456582494,10-2150
51.00619702597924,74.7099990845,22.534704092697886,0.9142088715806858,3.164995437408055,0.09011627906976744,-1.680232558139535,343.0232558139535,92.0731735229,215.68941974430643,92.20575355306171,10-2150
57.47181235579089,79.1100006104,21.267148325538848,0.8949587222305116,4.349955049802065,0.027149321266968326,-1.5,375.3393665158371,90.1219558716,229.48119920835958,84.82761348388698,10-2150
59.188696093889526,74.9199981689,23.13235378287774,0.2161379666851853,3.3552868645328484,0.1078838174273859,3.0580912863070537,0.0,81.707321167,124.83485198765985,141.3770360685541,10-2161
57.687591404384,82.5899963379,26.375866459852574,0.4890308861929259,5.498689122290343,0.08783783783783784,1.775337837837838,350.0,66.0975646973,158.7002765825349,89.96250215853753,10-2165
46.557789011395535,66.8699951172,22.89198544265959,0.614578609325837,1.7829570343013788,0.12171052631578948,5.0,329.2763157894737,100.0,230.17319958200252,93.84237625938152,10-2175
43.53361110144943,63.4099998474,19.46190940845355,0.661871780287833,7.040365713394606,0.0911854103343465,4.882978723404255,350.0,100.0,185.9869858644287,116.1371581974282,10-2175
33.84654334188059,62.9300003052,18.259168878407326,0.7161523897595135,12.147634500375888,0.12258064516129032,11.5,64.83870967741936,100.0,167.74118029448883,128.76981050257743,10-2180
22.139999516807272,38.5200004578,12.74883601954741,0.6947866976132935,11.333195561972973,0.11290322580645161,7.0,48.11827956989247,95.9756164551,221.08622540166567,93.76763801832683,10-2200
56.57997223671319,70.3499984741,15.002789989121883,0.41174039020410264,1.9246236090361062,0.028423772609819122,-2.2299741602067185,2230.361757105943,100.0,181.83532101856036,118.7888023020304,10-2213
48.582203408864764,80.5199966431,24.43910880941804,1.0820251096177962,5.454365190262097,0.13310580204778158,-2.0,1442.8327645051195,98.0487823486,339.34371169976066,62.41028272253833,10-2213
56.405633330714,83.2299957275,27.06035168852298,0.524707653708613,5.500879402326927,0.07714285714285714,3.32,1338.857142857143,98.9024429321,129.3959956385885,165.09728580010824,10-2219
38.637104661844205,77.6299972534,25.90547728091095,0.5970677650885224,13.058617827466596,0.43283582089552236,3.5,1136.5671641791046,95.8536605835,596.770367102956,34.6940663065196,10-2219
58.751361296994894,81.0400009155,16.22414822574143,0.3443978781596488,2.969824923571545,0.0,3.5158150851581507,1335.2798053527981,91.4634170532,182.21722372604054,108.42058549412455,10-2220
38.03627360568559,67.9899978638,23.26186513589291,0.4124371757052719,9.19614816315106,0.23308270676691728,3.430451127819549,671.6165413533835,87.0731735229,76.84554328906832,244.74816203976152,10-2220
11.414574288308405,19.3999996185,6.545798681258962,0.3523753764347259,12.716838966907053,0.47191011235955055,3.353932584269663,335.39325842696627,83.2926864624,449.9456049906388,39.98532283975239,10-2220
22.46303174418471,48.469997406,15.774364970173096,0.5531266194996319,17.286287391704107,0.2922374429223744,3.0,350.0,82.5609817505,246.908519172436,72.2258272735161,10-2220
16.835425255147655,40.3699989319,12.541966844485218,1.2669432029582322,34.907716119152205,0.4470588235294118,3.0176470588235293,299.11764705882354,80.6097564697,478.07480130406174,36.42046673441199,10-2220
33.573332579244926,50.8499984741,18.86699279546104,0.4802953459116375,18.698804722979137,0.5106382978723404,3.0,375.531914893617,79.7561035156,186.33811840804404,92.4519282825704,10-2220
40.90092558144962,69.4799957275,21.11194066280023,0.3365912233836,4.468398506254648,0.06845238095238096,3.037202380952381,42.708333333333336,78.414642334,112.91918214339637,149.99721413705376,10-2220
47.60538039915755,67.9000015259,23.168047408778413,0.8333336409440345,6.7684863189221165,0.15593220338983052,0.5,1687.457627118644,100.0,284.8586119486576,75.82709138487674,10-2253
51.69479438723332,67.7999954224,22.609956672416075,0.5289565682783043,3.263868807280841,0.11312217194570136,0.5,1325.1131221719456,98.1707305908,126.27770346767943,167.92258035513098,10-2253
40.51397314071667,61.4599990845,13.391115612904954,0.25931784884572273,4.154494492249852,0.010282776349614395,1.1632390745501284,350.0,81.5853729248,116.4803197532854,151.29114162016842,10-2255
47.36014372369519,72.9099960327,23.619451524521786,0.4801526284654442,8.088983720096332,0.11538461538461539,1.0,350.0,79.6341552734,201.85554388761253,85.2142933890952,10-2255
45.09860839716501,74.9899978638,21.319522252670243,0.6572069706499469,2.2164500890006735,0.03151862464183381,1.0,350.0,76.9512176514,225.08981724463442,73.8436914480129,10-2255
40.54757479899022,65.8199996948,16.712117519089468,0.5852822912388482,4.236386592522978,0.05172413793103448,-0.5,1473.7068965517242,100.0,160.35696151710258,134.69948417360285,10-2259
44.066434865177506,74.2900009155,25.021585402699504,0.4961414040590704,1.9637109911940875,0.14749262536873156,-0.5,1412.684365781711,100.0,241.58303436263063,89.41025207745798,10-2259
47.723418051703234,65.1299972534,21.310350630368674,0.3072597135686716,4.382137774035072,0.1365079365079365,-0.03968253968253968,1220.1587301587301,99.0243988037,179.28053360941013,119.30614947966951,10-2259
37.744905523209844,62.0299987793,18.408148997365704,0.44963498273696445,4.239945869865725,0.09859154929577464,1.9408450704225353,1725.6338028169014,100.0,134.0628648303001,161.11844266002956,10-2265
36.75885001546498,70.8300018311,19.926751022529746,0.25548169679339966,6.076589309263894,0.09295774647887324,2.1464788732394364,1155.9154929577464,100.0,227.65794924138774,94.87918200078894,10-2265
36.66387383084115,65.7799987793,18.97745004555194,0.4800860682758964,8.761303897371127,0.12297734627831715,2.5,761.9741100323624,99.5121994019,214.3320034310444,100.28663347854034,10-2265
45.868139282022845,73.5999984741,24.43201719618105,0.7070891234038786,7.247938827676415,0.08360128617363344,2.2057877813504825,674.4372990353697,97.5609741211,213.5302519008795,98.68939048477188,10-2265
29.54070652253874,50.2999992371,16.291714104825704,0.9136702405905069,13.349729861517664,0.18518518518518517,8.0,213.3744855967078,100.0,162.4825058746487,132.93738845130733,10-2272
40.54431951004432,56.3099975586,17.162891147883755,0.27729302627879193,6.491399630281655,0.08598726114649681,8.315286624203821,260.828025477707,100.0,84.51719352495388,255.56930015219393,10-2272
48.63004291634965,69.9499969482,24.58608807392291,0.4402506906110874,3.695226896167228,0.15925925925925927,8.5,245.0,100.0,196.52328088782178,109.91064215099065,10-2272
29.665228412346416,56.1999969482,18.595370351017426,0.6113763411118875,12.252545573839098,0.14935064935064934,8.420454545454545,229.2207792207792,100.0,132.98270200277645,162.42714033250002,10-2272
53.777340379006766,83.0499954224,22.19411494194056,0.4273666008677314,3.655951738125183,0.04335260115606936,1.6618497109826589,1243.063583815029,75.7317047119,257.4230703786587,63.545385398862614,10-2297
17.947305511669683,44.5799980164,12.398930975740846,0.6342363608980609,24.21067232621124,0.0912863070539419,17.5,0.0,97.3170776367,195.52572343430876,107.5075360945513,10-2320
23.652821232779207,45.0,14.403421509337981,1.0286800058529895,3.547758979597229,0.12173913043478261,17.071739130434782,0.0,94.8780517578,183.37607243652334,111.7575423411841,10-2321
47.270466034517945,74.8399963379,23.58680466443451,0.4730723675493472,5.467514556605174,0.11379310344827587,21.5,0.0,96.4634170532,69.85284912920875,298.28558667592915,10-2326
37.89635402698379,60.6099967957,20.600239935172908,0.8013609517060502,8.250636503699926,0.2131782945736434,22.0,0.0,95.7317123413,184.3999575256391,112.13695568691064,10-2326
27.093261466305993,55.9899978638,16.647892193895956,1.2140953237202445,9.257167130954706,0.1939655172413793,21.974137931034484,0.0,94.8780517578,161.46299368157537,126.92480618872202,10-2326
46.616696127326485,67.5699996948,17.51049552493771,0.4790588052811177,4.448831129723505,0.04664723032069971,11.5,0.0,100.0,110.30748918601113,195.81626015959802,10-2328
53.452068876470854,74.5800018311,22.19550382176299,0.6267150789342771,4.473625991790572,0.06227106227106227,11.5,0.0,100.0,165.17864118568437,130.76751234270367,10-2328
50.89234456015555,73.9300003052,19.53056803565228,0.4342773519038024,4.821605033519069,0.02702702702702703,11.5,0.0,98.0487823486,127.59958350598737,165.97653695557585,10-2332
40.227693750847635,66.939994812,21.225570882070016,0.49195061897122927,6.011480482601007,0.04747774480712166,11.5,0.0,96.341468811,72.60556002609012,286.6138248323986,10-2332
23.944597112723788,40.4300003052,14.400982558035274,1.3618101255323938,28.070849285501783,0.3602941176470588,11.658088235294118,0.0,95.4878082275,295.18435706653617,69.87283060020329,10-2332
34.06111978148711,62.75,21.561284344431687,0.5962946998441563,11.95235907370839,0.137546468401487,11.70446096654275,0.0,95.1219558716,229.59322108621816,89.49019649212516,10-2332
41.291852207449516,70.5599975586,22.565927207157742,0.30564450862029807,5.831791924925792,0.0744336569579288,15.792880258899677,0.0,92.5609817505,62.45033752807249,320.1451401142665,10-2338
20.603022813804184,30.1899986267,11.28145780285658,0.3436625211404844,40.06315309604396,0.5656565656565656,15.813131313131313,0.0,91.707321167,193.99286322243688,102.11087687983024,10-2338
36.99971595177499,59.4199981689,19.616986125907857,0.9317703304578397,4.541191204225944,0.12411347517730496,16.0,59.57446808510638,91.5853652954,195.7229954166607,101.07365699003827,10-2338
28.645154452139028,52.6599998474,14.987503688037945,0.9886175638191651,11.628838873934479,0.0979020979020979,16.0,425.5244755244755,90.4878158569,138.44704446855275,141.17577085244307,10-2338
23.401982855206942,38.3899993896,13.872276246511069,0.8471682522666855,20.590413643144355,0.20394736842105263,7.345394736842105,0.0,100.0,156.3187802607318,138.1791744022842,10-2350
17.528704595221583,29.9699993134,10.38316457052485,0.5149888891815185,24.603519472998094,0.25268817204301075,8.150537634408602,0.0,100.0,168.41810154884234,128.25224724276956,10-2350
36.97305098446857,65.4899978638,17.11397473494184,0.43315010732092113,6.108915737675203,0.04643962848297214,8.5,0.0,100.0,132.34538471863442,163.2093181482791,10-2350
53.49975580917696,79.0,27.851249752548902,0.5885309546505348,4.426248345762047,0.08178438661710037,8.507434944237918,0.0,100.0,196.9485536559374,109.67331112131184,10-2350
43.704346843384585,79.9000015259,21.18515945980504,0.5936564803426592,2.6806138503380414,0.041666666666666664,9.487179487179487,0.0,100.0,196.15787949169413,110.11538285371098,10-2350
60.82013977449803,83.2599945068,19.264090902117477,0.23281926958154958,3.1781139729995966,0.0,18.76129943502825,94.91525423728814,61.707321167,114.46645448773994,116.4426856035765,10-2382
54.731515969800824,78.6199951172,17.53045954228904,0.25871144142472835,1.636402180473325,0.0,20.818407960199004,232.96019900497512,49.3902435303,96.11614663689657,110.99376094265425,10-2384
35.45253660287511,49.0499992371,12.607245177259545,0.3979727410686623,6.139224653976812,0.045584045584045586,23.752136752136753,0.0,47.4390258789,218.24886139785414,46.950208693932495,10-2391
38.05192564168808,50.7000007629,8.172077310062617,0.43274280115197455,4.763564337932613,0.0,22.495412844036696,349.77064220183485,44.7560997009,177.5900827100299,54.43613397702648,10-2395
34.46661536260036,51.5799980164,13.068999620974735,0.6366216641535393,5.539205987082803,0.012468827930174564,21.75436408977556,250.0,41.0975646973,114.30336848988757,77.66240043400082,10-2397
34.4621881026552,47.9500007629,14.91532013192749,0.4795255284421762,8.724568747823282,0.08984375,20.548828125,250.0,39.2682952881,109.39952192365337,77.53189075313234,10-2397
27.619039236063603,40.8099975586,14.841811443097138,0.5505939581623431,9.961161302578605,0.1830065359477124,11.431372549019608,107.51633986928104,100.0,188.8209523108547,114.39408463759924,10-2400
34.76515798909028,59.2899971008,18.76922914075259,0.7784128878634351,5.13857055325506,0.13993174061433447,11.0,0.0,100.0,108.55220705681677,198.9825963528724,10-2401
52.70911095961826,63.0799980164,21.27695438720051,0.21811811934119482,1.893889601442857,0.12794612794612795,11.218855218855218,221.3804713804714,100.0,146.56966231739608,147.37019693219514,10-2401
48.953495219036355,76.9000015259,24.917730165997636,0.8088132787753043,4.624823482561012,0.08333333333333333,11.5,93.91025641025641,100.0,226.2341104521665,95.47631856588207,10-2401
45.4383486174906,75.5199966431,23.696151472618567,0.7005022534929011,4.962922736870355,0.0955223880597015,19.291044776119403,0.0,94.1463470459,169.52917028561896,119.95346244928479,10-2402
27.11134969056938,47.9799995422,14.244409363175675,0.8358838946962857,13.371413656584265,0.1189710610932476,19.741157556270096,0.0,93.048789978,139.79241106370688,143.77417545283336,10-2402
40.735510351979286,61.7399978638,16.22609800873834,0.5668378892048932,3.9245377648562827,0.04087193460490463,15.0,0.0,88.9024429321,64.0193555401257,299.9550294019704,10-2410
46.89786769001973,70.9599990845,24.695659899021805,0.36518390844917353,5.756409289633539,0.21794871794871795,15.175213675213675,0.0,87.5609817505,155.45243418160868,121.66533227786269,10-2410
44.46807727656045,68.8899993896,22.112251331177394,0.5855964399307988,3.717700516136828,0.05397727272727273,15.470170454545455,0.0,86.8292770386,108.47394004980896,172.89981198918045,10-2410
48.864727059140655,74.0599975586,27.046453922410546,1.1279409026351324,7.064641650008617,0.1965065502183406,15.0,0.0,84.1463470459,220.61266327216373,82.38697947946739,10-2410
44.61556128072811,65.25,21.817160634114927,0.6205507753776989,2.6071516227029585,0.0913978494623656,8.303763440860216,1191.1290322580646,100.0,336.90250633932425,64.11350344257971,10-2428
39.3812664314512,65.4000015259,22.276721881857522,0.29419723564213374,5.719194811142209,0.09876543209876543,26.492283950617285,0.0,66.2195205688,76.7464811989527,186.3722768706689,10-2437
39.41222123202894,66.939994812,21.339017491299987,0.5584772016732917,5.406144532278984,0.13970588235294118,27.0,0.0,65.9756088257,157.88601431066732,90.25961905853475,10-2437
49.53516844167842,57.25,19.86899886691849,0.16646923405975086,5.029407727632208,0.15412186379928317,15.21326164874552,0.0,63.7804870605,37.65301062070161,365.88270042591597,10-2438
53.4618392454258,69.6800003052,20.297153564411325,0.4791257370462502,3.2275282105394796,0.07987220447284345,15.73003194888179,0.0,63.4146347046,163.06854574951404,83.99879347200482,10-2438
42.278977385248645,70.4099960327,22.596949982866807,0.7181586140170888,4.830271688890316,0.0471976401179941,15.964601769911505,0.0,62.8048782349,151.63113198320022,89.46615065988831,10-2438
37.75890087461168,61.8199996948,17.029572407849276,0.6572577974145507,5.827257927674861,0.02535211267605634,14.94225352112676,0.0,100.0,89.69259323589404,240.82256093534272,10-2444
36.338275156350555,51.8400001526,19.419238470284615,0.5636317331569461,8.002080038396777,0.21195652173913043,14.782608695652174,0.0,100.0,174.65938854044708,123.66927527058151,10-2444
57.46437368194279,71.7600021362,22.172136007153505,0.5255681337302243,3.2943377090657937,0.09433962264150944,15.452830188679245,0.0,100.0,157.75149311028588,136.92421906206107,10-2444
44.37598301033598,73.0299987793,25.648904563791334,0.9877067885459484,2.937756728401041,0.15017064846416384,15.457337883959044,0.0,100.0,207.7688194644433,103.96170154731294,10-2444
49.53937402367651,69.7200012207,21.570631072474,0.45170100041224925,5.891772370229297,0.0967741935483871,13.798387096774194,0.0,70.1219558716,59.45996562311121,254.7317730432464,10-2464
13.106260544325652,27.7399997711,8.660741879617046,0.7429448006627187,31.1666741950727,0.28125,14.0,0.0,69.7561035156,289.71302538058217,52.007735377366565,10-2464
38.12255623350808,63.8899993896,18.08475307362636,0.47424194508866335,10.795467920552133,0.13095238095238096,14.0,0.0,69.5121994019,183.4063454303935,81.86540675883413,10-2464
40.18724841901677,55.8299980164,17.18689621923586,0.522032733549391,0.6499153003443352,0.0830860534124629,14.363501483679526,0.0,100.0,61.72596231987698,349.93379103697464,10-2467
42.38334863284819,59.2799987793,11.929759640207768,0.5123908493618526,3.7367933138840734,0.009685230024213076,14.5,0.0,100.0,246.08246014885574,87.77545537757595,10-2467
38.42999899646525,56.3299980164,17.764559488772143,0.6978457806680566,5.202553225786695,0.10967741935483871,14.030645161290323,0.0,100.0,43.61580128735311,495.23336411254155,10-2467
27.1655342967027,45.75,14.79135485996091,0.8976537170150262,15.025182122842402,0.1856060606060606,20.321969696969695,0.0,100.0,191.29577438855438,112.91415123538857,10-2471
44.210371624607575,66.5999984741,16.309815508208718,0.27100641366966033,4.0325964750311485,0.03303303303303303,21.013513513513512,0.0,100.0,54.15747117282742,398.83693850974026,10-2471
53.855611541052056,69.439994812,20.754558741812872,0.3599421181776981,3.2345620901561616,0.05947955390334572,21.50557620817844,0.0,100.0,157.9445094641067,136.7568905895311,10-2471
42.83306702188835,69.2600021362,21.32073688264583,0.5328689265645934,3.384328284133816,0.02865329512893983,22.0,0.0,100.0,159.4689193121856,135.44959163932495,10-2471
45.352498847860815,69.1800003052,24.63078783439825,0.7249439872138236,6.6682405768356805,0.15636363636363637,18.472727272727273,0.0,84.634147644,168.52773035217868,108.47458666239415,10-2478
43.9292170010409,60.7299995422,19.950218550988808,0.7376011713371923,5.329389359002528,0.11956521739130435,19.088768115942027,0.0,82.6829299927,137.55992626841044,129.83078257526293,10-2478
51.0443892083479,71.5100021362,26.08644512856781,0.5323786441553959,4.114910347163531,0.18326693227091634,29.105577689243027,1062.5498007968129,66.8292770386,129.7907119132244,111.21846569412955,10-2481
41.07764944482732,63.1199989319,21.90819855111603,0.5633863402642195,5.156581702336989,0.19736842105263158,29.5,1100.0,66.2195205688,242.34350058544754,59.02125044949401,10-2481
31.12995966842885,55.4799995422,12.602164385507631,0.4534171248275427,10.014809779434655,0.03076923076923077,29.45,1070.1923076923076,65.6097564697,138.5832437167792,102.26133417989361,10-2481
49.64909227470673,73.1699981689,20.490043258241702,0.5905168425779894,4.23692533386811,0.034482758620689655,31.76790450928382,1115.6498673740052,54.0243911743,113.10331322960667,103.17353365201132,10-2485
46.18768201222696,72.7900009155,22.667401265344907,0.42990873386686185,3.553186421714522,0.09225092250922509,31.970479704797047,1124.3542435424354,52.4390258789,81.99652348765508,138.1379247322321,10-2485
38.08754175271064,61.6599998474,18.092751947039,0.7020907038350161,4.657989516152733,0.08150470219435736,32.141065830721004,985.1097178683385,51.5853652954,169.07281623868883,65.9031957454121,10-2485
37.243406786276594,53.75,16.592891266661603,0.8409307280394126,3.771371228701933,0.0626865671641791,21.31044776119403,0.0,100.0,187.6358706859267,115.11658149925418,10-2533
57.82934666068103,79.9700012207,17.5916416390933,0.19010134558210973,1.9246898732884794,0.023872679045092837,22.251989389920425,0.0,100.0,99.4621041397681,217.16813842633795,10-2533
48.80455978146243,74.4899978638,22.505639625616066,0.4706695420800272,3.524690429417405,0.11808118081180811,22.512915129151292,0.0,99.8780517578,42.2462070568008,510.6649965209568,10-2533
42.730765761535366,64.6699981689,19.13260637929364,0.4274631300453631,3.4815701360195925,0.05362776025236593,23.0,0.0,99.5121994019,129.56108030498697,165.9034875304528,10-2533
25.61615054727385,39.5,12.090641831269373,0.2736420489638035,12.843496846452814,0.09446254071661238,22.921824104234528,0.0,98.2926864624,129.88208211468145,163.4653520347168,10-2533
22.20218450282386,39.0,11.840991193017516,0.6686851354575146,1.9388489351271645,0.21710526315789475,24.210526315789473,400.0,97.4390258789,205.08194076344833,102.6264404924803,10-2533
36.32725261634489,57.0999984741,17.795404954180306,0.7701822112673461,8.472235991943327,0.08387096774193549,24.037096774193547,365.48387096774195,97.1951293945,113.81440506228762,184.45949735204832,10-2533
57.21823221200864,71.4499969482,15.148885930048916,0.33627227754619826,1.0350892317477796,0.021604938271604937,23.984567901234566,256.94444444444446,95.8536605835,150.10072031461178,137.9366510876131,10-2533
35.259132971404405,55.1199989319,18.798442428438648,0.3249358472119015,3.661617819176819,0.061016949152542375,24.0,288.3050847457627,93.2926864624,90.13526767306475,223.56643294132266,10-2533
44.005828132577996,59.1299972534,24.56761779003139,0.4865594795581478,0.5121383469547293,0.17768595041322313,26.0,500.0,88.048789978,177.1997840001184,107.32822696462932,10-2533
32.40355148030902,54.4099998474,14.165156007980197,0.8324224440873499,9.530280877830108,0.06944444444444445,24.613888888888887,492.22222222222223,86.7073135376,100.15119922606561,187.00504705736165,10-2533
46.36258570252451,67.7600021362,21.723569995582938,0.5438442940197586,2.6894728397937206,0.05654761904761905,19.683035714285715,200.0,51.707321167,109.98664555623792,101.54670428930598,10-2536
49.75953857612204,74.2600021362,20.09759543938155,0.46305518064288614,0.915900112226238,0.0,19.78900255754476,0.0,50.4878082275,104.97810509146248,103.88229590959627,10-2536
37.49693204976122,53.1100006104,17.66439146824382,0.790974914917301,6.2834537754472874,0.14695340501792115,19.0,0.0,49.0243911743,96.8625600580208,109.32261636803543,10-2536
45.816871655033786,67.0100021362,21.538899522653573,0.5762829284587891,7.607085329476689,0.10380622837370242,23.166089965397923,544.2906574394464,85.7317123413,93.63229233607592,197.77418029298758,10-2545
8.942839342871851,22.4799995422,6.210760246648921,0.3496563462340226,36.50339767960881,0.4172661870503597,23.053956834532375,358.63309352517985,84.5121994019,374.1904954481882,48.78433656885335,10-2545
17.029185616692676,30.0199985504,9.927158401335195,1.0356968622526757,8.885948770305015,0.44516129032258067,23.309677419354838,297.741935483871,84.0243911743,412.0493420733363,44.046347464907754,10-2545
39.1508115857841,61.6999969482,15.525650755932684,0.4740247548710784,4.784178307185559,0.05604719764011799,23.74041297935103,395.42772861356934,83.4146347046,161.4439826014204,111.60255591982084,10-2545
42.37960200361501,65.1399993896,18.530608329530896,0.4727427010297156,5.114374460590821,0.07357859531772576,19.01170568561873,200.0,100.0,235.61648268413538,91.6744013573817,10-2548
51.49857733373583,80.9000015259,22.788652646686632,0.6357007743882862,1.666818011953136,0.027649769585253458,27.04147465437788,1100.0,87.8048782349,180.03504388417568,105.34534438161913,10-2556
56.05941054711644,74.2999954224,18.829093883189792,0.5124734227810509,0.9033331481342799,0.04375,23.5,250.0,84.1463470459,169.0435505865428,107.52028633360545,10-2574
12.258399667741823,47.6199989319,9.902235899447442,0.9767984141257335,31.94758654392488,0.15413533834586465,23.616541353383457,251.50375939849624,82.0731735229,168.76584829188658,105.04379683670079,10-2574
46.24548965144141,62.0799980164,17.404504361129753,0.7201204335987169,3.2965014946037705,0.041176470588235294,22.0,0.0,100.0,118.8867337338715,181.68553649014953,10-2581
47.121377014859085,68.4099960327,20.958371387272326,0.43828681976630685,4.441030453325629,0.06291390728476821,22.0,0.0,100.0,140.77020080275472,153.44156559288868,10-2581
41.13048804600764,63.0999984741,20.089838115429476,0.5113278867208108,6.2141636311805515,0.10358565737051793,22.260956175298805,0.0,100.0,151.1388582174323,142.91493435080525,10-2581
46.209998859784555,72.6800003052,26.77595258029555,0.7159184327958781,4.572525301421447,0.16593886462882096,22.419213973799128,0.0,100.0,225.82701951606802,95.64843058322842,10-2581
38.44902197157472,65.8699951172,20.941021802309123,0.5639102714973452,6.119288572761918,0.09705882352941177,28.5,1036.9117647058824,68.6585388184,199.10971664769954,74.48277580051362,10-2584
21.284319138384205,40.8699989319,13.388675288473324,1.425189016367261,20.794496093556095,0.26200873362445415,28.687772925764193,1112.4454148471616,67.3170776367,324.18406033891165,44.85257157408091,10-2584
37.392630854825335,51.8699989319,15.425660618412149,0.7413054980956193,6.801316976054778,0.08064516129032258,17.5,0.0,100.0,121.34003579372035,178.0121446207605,10-2589
32.343644515636605,58.9399986267,18.947073080598653,1.1225959453500645,9.413501487714386,0.17479674796747968,18.040650406504064,0.0,100.0,110.58470087612429,195.32539156746532,10-2589
51.29456658660986,73.9199981689,26.58602963307735,0.7006242935244484,2.2087533458622466,0.1440329218106996,18.767489711934157,0.0,100.0,179.8901872981972,120.07325315746374,10-2589
39.06612441071097,57.1100006104,15.722300349557834,0.534867876848123,4.410442443074667,0.040983606557377046,18.527322404371585,0.0,100.0,220.4970456627877,97.96049618294425,10-2589
42.86013423430212,71.6800003052,19.64497178698011,0.48743513961407653,4.174760416548402,0.0975609756097561,29.045731707317074,1004.5731707317074,90.8536605835,166.84923136994317,117.6175072843111,10-2591
28.062613714750327,51.4599990845,17.66202175202452,0.9063829320889284,15.086217855989391,0.22727272727272727,29.5,1061.111111111111,89.0243911743,278.51082361061094,69.04316408375374,10-2591
14.379276821407108,25.0199985504,8.942074340919225,0.8426969294249951,28.675102958499345,0.37593984962406013,29.63157894736842,850.0,88.048789978,262.01044578594974,72.58694812032515,10-2591
13.828755901823683,33.1699981689,7.862349320334115,0.886769618213577,6.928448920370966,0.1518987341772152,30.0,801.2658227848101,87.6829299927,228.0827361604957,83.03790631964345,10-2591
43.40118815913436,63.5499992371,14.423756949910167,0.568207321302514,5.033404823482448,0.029585798816568046,31.65680473372781,1113.905325443787,100.0,130.08656683839033,166.04327814134876,10-2612
50.67003450359659,68.4799957275,20.515423506891455,0.4931964527949089,2.234341918931312,0.0695364238410596,32.32615894039735,978.1456953642385,100.0,202.66304588782162,106.58085150835079,10-2612
40.797584158454484,70.0299987793,16.19204285588853,0.47282211040747535,4.3398948136153255,0.03296703296703297,32.41208791208791,1083.9285714285713,100.0,155.82915938649384,138.6133383831379,10-2612
30.02175668991941,57.5499992371,14.980846141346927,0.5935692111854802,7.231331289064857,0.12773722627737227,32.21350364963504,1003.2846715328467,98.414642334,211.76286324845012,100.38380865300084,10-2612
24.83010561415552,45.5,15.647751963222538,0.7666429797488687,13.982271997282878,0.3333333333333333,32.89007092198582,1127.3049645390072,97.1951293945,398.9960629214335,52.61743134880497,10-2612
17.309473274999235,31.0999984741,10.08620278230729,0.8622667729468734,12.02609364966728,0.19615384615384615,34.5,1229.423076923077,89.5121994019,258.18268337861497,74.88742009260514,10-2612
32.713832535349205,74.3399963379,20.22921527616503,0.6242647531363692,6.198561089141682,0.13978494623655913,34.064516129032256,1193.36917562724,88.5365829468,281.5790440271188,67.91663769789268,10-2612
46.72536572403472,68.9099960327,25.659931323455684,0.4939207147149656,5.495061750441501,0.18352059925093633,34.249063670411985,944.3820224719101,86.341468811,176.02269402663515,105.95086824630681,10-2612
51.538291731498695,75.9599990845,25.03169601588138,0.1927230678876105,1.871802638696381,0.07518796992481203,33.74624060150376,1147.3684210526317,82.4390258789,77.39435853968688,230.07916760123126,10-2612
39.13790886617267,53.5499992371,14.730953012222757,0.40507436901767585,4.433978499280354,0.06153846153846154,33.526923076923076,1085.0,81.2195129395,156.44670713271563,112.13668294117376,10-2612
30.190481217512207,54.3899993896,15.93736684523528,0.7386796568280815,14.344223728840289,0.13541666666666666,15.375,18.229166666666668,86.5853652954,142.60028295344702,131.1528877534693,10-2628
38.89818884175689,57.3600006104,12.573204516682758,0.5730096617500562,10.447695625774237,0.0,15.5,213.14655172413794,82.1951293945,106.77169244893336,166.2814135657111,10-2629
41.127074718466794,64.5100021362,23.428361469764052,0.6284223793649854,19.107665630570267,0.3614457831325301,15.828313253012048,57.83132530120482,80.7317123413,178.03332796990912,97.94823286496192,10-2629
48.68967111124295,64.0299987793,21.68577825819025,0.5670116918100934,3.432810674665664,0.1201923076923077,16.0,116.34615384615384,79.8780517578,183.84756656331388,93.84763422333873,10-2629
45.66520385273082,77.3799972534,22.43586408318837,0.6383905161396299,3.2705971743494935,0.03557312252964427,16.0,0.0,77.6829376221,139.09397622523937,120.63437239871546,10-2629
50.192341237453356,72.6999969482,19.41780584727985,0.5034392020961009,5.393742333489982,0.03757225433526012,25.345375722543352,285.5491329479769,77.9268341064,85.28464794715136,197.36490179818605,10-2654
47.44885895783487,67.4099960327,23.371962773718852,0.6851004410940642,5.591450925311956,0.1645021645021645,25.57792207792208,315.1515151515151,76.707321167,100.9047313174773,164.20222476923823,10-2654
29.2991788497361,54.2599983215,18.702673392924254,0.8544966382848598,11.011133870578353,0.1908713692946058,26.813278008298756,327.38589211618256,75.9756164551,194.51113306802043,84.36912013957976,10-2654
38.49151311927713,55.5699996948,15.793262450022725,0.46098817503314654,5.875713695396995,0.08727272727272728,26.921818181818182,342.3636363636364,75.1219482422,159.60852877703414,101.66336939915449,10-2654
55.09798780899691,76.4899978638,24.845866549533802,0.7046866388422437,2.781741373962519,0.06282722513089005,17.026178010471206,230.10471204188482,46.7073173523,174.09913996919687,57.948480100945915,10-2668
52.07262741167881,74.8699951172,25.592400508953606,0.4778620340403854,4.528427314187301,0.14537444933920704,17.916299559471366,100.44052863436123,100.0,205.32557284371302,105.19878113984954,10-2673
46.2537321805949,68.5400009155,21.356742498669753,0.7215640332644794,3.8190727406729232,0.07120743034055728,18.0,200.0,100.0,159.10367686837742,135.7605331639768,10-2673
45.834443489713145,64.3799972534,16.25497670449362,0.3398002084142045,3.0684652146944473,0.04142011834319527,35.22485207100592,1234.4674556213017,71.2195129395,109.70982111239758,140.21912203440485,10-2702
52.635689234493974,71.939994812,20.01634888577185,0.20512084589984877,2.916164260568777,0.08333333333333333,35.59413580246913,2235.6481481481483,82.1951293945,87.50821570836008,202.88549829859988,10-2710
38.9294064256863,64.7799987793,18.44668288261466,0.7327873323723302,5.085337308511465,0.08163265306122448,35.48809523809524,1542.5170068027212,80.6097564697,200.3245851370858,86.91747638234243,10-2710
55.56739641072396,87.1199951172,25.19235555306304,0.6046407553033132,4.125016667246589,0.05,29.334722222222222,398.19444444444446,87.3170700073,182.5558514401354,103.31351733067633,10-2744
49.940232842985445,68.8300018311,15.720253551172076,0.41132207276671406,2.9663858118101536,0.03932584269662921,29.43258426966292,400.0,84.1463470459,52.59664980202461,345.5659444152423,10-2744
38.711878194933306,63.5,18.852405385710416,0.7581793926313456,5.411063147962404,0.05421686746987952,30.396084337349397,876.9578313253012,80.9756164551,98.10731390800119,178.28164341247074,10-2759
35.883279749956934,63.969997406,20.94483843944145,0.3088176298037707,5.5236873040132295,0.17105263157894737,31.24122807017544,814.6929824561404,79.5121994019,252.1120167401288,68.12303234444241,10-2759
26.147254493194392,53.3299980164,14.568667827026946,0.7407443819490858,19.248878891912383,0.12371134020618557,31.13917525773196,781.4432989690722,77.8048858643,149.12511171990045,112.69634706631435,10-2759
49.42081844767869,71.7999954224,20.927787431409318,0.43256242022452535,4.12847050134477,0.06441717791411043,27.993865030674847,1075.7668711656443,94.8780517578,130.83564649191058,156.63666385408123,10-2763
25.132455470269214,49.1599998474,17.079675929864855,0.387450653595858,14.693724746156942,0.32142857142857145,27.800595238095237,994.9404761904761,92.9268341064,143.1690851070022,140.19923471593586,10-2763
14.633095026018808,22.3899993896,8.269798266366392,0.44819905178893216,34.61164798044149,0.6037735849056604,28.39622641509434,881.1320754716982,92.6829299927,577.6729842890255,34.6554424785198,10-2763
23.36855603984763,40.3699989319,14.584804115825984,0.7382840094228681,30.09292376154946,0.40853658536585363,29.664634146341463,950.0,92.1951217651,374.81212161534717,53.13100925187952,10-2763
30.929063268484583,58.2399978638,22.15528669882729,0.512868914546696,6.028758786965565,0.17142857142857143,30.246938775510205,831.8367346938776,91.0975723267,227.48980362965315,86.49651680477474,10-2763
34.41243936000268,51.219997406,15.526897280792502,0.3937333117043156,5.084800725752752,0.07929515418502203,29.863436123348016,693.3920704845815,89.634147644,153.32302040326687,126.2757271555255,10-2763
24.248016604063096,50.7000007629,16.09888949798942,0.7283669394367374,28.35828481190496,0.30952380952380953,22.035714285714285,289.8809523809524,100.0,158.29089545347074,136.45762719403703,10-2775
33.080508725574425,55.8499984741,15.733345796320993,0.6057998960685486,8.274349140072644,0.02610966057441253,22.48302872062663,250.0,100.0,151.56441016238603,142.5136677987779,10-2775
50.222351844835885,67.8899993896,21.00882994737381,0.4904992548657835,1.953781002357234,0.05,21.89264705882353,250.0,100.0,179.43643328015716,120.37689116499297,10-2775
47.99119749788168,71.2099990845,19.285625072250102,0.5169813859050474,3.0772086127232634,0.016835016835016835,21.18686868686869,250.0,100.0,184.56418746134895,117.03245519677769,10-2775
53.53429357515823,77.1299972534,20.28386993737447,0.5219360982609524,3.2669698008163865,0.05167173252279635,21.71276595744681,0.0,96.5853729248,55.26070506220918,377.52758543835296,10-2780
37.610115393191315,54.1399993896,17.476454096498337,1.0066315186051624,6.006214525479911,0.09154929577464789,19.380281690140844,0.0,100.0,141.44709522398583,152.70727168907734,10-2789
55.866291814833275,69.4599990845,22.377687249423808,0.4313337162562437,2.524676811559476,0.09727626459143969,19.5,0.0,100.0,144.25249794249447,149.7374416948449,10-2789
49.4765872880473,68.8600006104,22.891783893697088,0.34353852338274665,4.68160918892718,0.09574468085106383,19.49822695035461,0.0,100.0,129.8921509365107,166.2918031941572,10-2789
51.724360440633625,71.8300018311,22.586115241092173,0.48999304159495644,5.574262915831781,0.0784313725490196,25.0,0.0,95.9756164551,109.87645254520471,188.67312034644263,10-2790
31.805906774309328,54.5099983215,15.029885557397936,0.5207617414074325,7.95287024979004,0.05704697986577181,25.120805369127517,0.0,95.0000076294,168.58686309035403,121.7176787787594,10-2790
21.73941127271853,41.1499977112,13.292686471948217,0.8295699459632124,13.390877389080202,0.1414141414141414,25.38888888888889,0.0,93.1707382202,38.10040238803005,528.2064806193702,10-2790
26.321054090748163,53.7700004578,13.216638506109204,0.5838954287159117,9.75425324877628,0.06569343065693431,25.5,0.0,92.6829299927,141.44139400797994,141.53927864493278,10-2790
26.20223019673662,44.2799987793,13.943428628586032,1.109042508689828,2.8007269540093436,0.19254658385093168,32.608695652173914,1111.1801242236024,80.0,372.0810953575861,46.441488738881425,10-2806
27.998943456953356,46.0699996948,14.136954371095117,0.46637908191413024,7.371230111011891,0.07204610951008646,20.0,0.0,100.0,109.74514038694434,196.81964890510642,10-2814
37.0550550522098,58.1299972534,13.248340993002042,0.2553560290406606,3.435552327292613,0.032432432432432434,19.836486486486486,0.0,100.0,114.94138650885903,187.92186744967788,10-2814
50.85737009866038,69.2999954224,25.567551667962547,0.7398094039656502,5.155141697166534,0.16267942583732056,19.94736842105263,0.0,100.0,177.25826277814494,121.8560966437677,10-2814
45.737958661439286,74.6199951172,20.050339116367244,0.40579989800518096,2.9350203631583924,0.05434782608695652,19.703804347826086,0.0,100.0,178.61351293773728,120.93149977700469,10-2814
43.102207700168805,77.8499984741,22.53251694956774,0.7441777141586771,4.189351411475774,0.038348082595870206,26.11946902654867,500.0,83.2926864624,166.271104464647,108.20413043989694,10-2831
18.129803638836076,26.5199985504,9.388138567921573,1.0162860245499776,36.535566295637025,0.625,26.5,500.0,80.9756164551,375.3698650456163,46.59599712986034,10-2831
16.96358298261317,28.8400001526,9.685156142524894,0.9759024421351996,21.276033253127217,0.34065934065934067,28.076923076923077,500.0,80.3658599854,291.30960391289983,59.58961024174358,10-2831
46.385130664235426,71.6800003052,22.451835314541388,0.5969939913656817,3.6693601062942807,0.08433734939759036,27.36144578313253,448.9457831325301,80.0,135.78021979411938,127.26448687593297,10-2831
40.6556364969889,61.3599967957,13.533560632692419,0.3280297019907804,3.5953816145098663,0.0221606648199446,19.759002770083104,250.0,100.0,85.31190606910113,253.1885758419743,10-2848
54.76580603917189,69.5499954224,21.5023270817046,0.206313597140604,2.3974970141841734,0.08201892744479496,19.757097791798106,250.0,100.0,147.5446374662848,146.39637448657382,10-2848
48.827479007721365,72.8799972534,23.73423824041646,0.7692898683416053,4.586800281099926,0.11347517730496454,19.9468085106383,250.0,100.0,218.9717262424222,98.64287216737186,10-2848
48.959761605421335,70.4199981689,17.778947752746014,0.5302039318226577,3.196446355608862,0.031609195402298854,19.0,0.0,96.707321167,98.36634398420676,212.35699657014604,10-2849
42.40813635221533,61.3199996948,19.009325674384307,0.9543958385234828,3.0098237692159557,0.05846153846153846,19.290769230769232,666.4615384615385,95.6097564697,178.41814699274508,115.74891761595836,10-2849
26.918412158103493,49.7099990845,15.753320164100387,0.4933557249058664,14.983094934276528,0.1888412017167382,19.34334763948498,324.89270386266094,93.7804946899,188.9374655083373,107.21318187749549,10-2849
13.274351528397036,23.9399986267,8.03499534315599,0.7077496916711019,29.590318468436756,0.29411764705882354,19.336601307189543,250.0,92.5609817505,189.12025679461652,105.71671378291575,10-2849
23.240643290490603,41.2799987793,12.682569072360542,1.1109258594338616,5.699963614161957,0.13059701492537312,19.457089552238806,250.0,92.3170776367,177.49295585833937,112.34524025529271,10-2849
58.5732453110933,92.7599945068,25.797163237127773,0.6117682302683948,2.1148148535178644,0.02531645569620253,26.740506329113924,1074.1772151898733,62.5609779358,184.74246945485334,73.1459922237052,10-2856
52.49655168164871,69.9199981689,20.231360601888817,0.6016286354325681,4.8099433735163775,0.0896551724137931,26.622413793103448,907.4137931034483,59.7560997009,57.79654093443654,223.32335684303757,10-2856
47.656904746596005,68.0800018311,20.829776803282027,0.5668352824942625,4.0681037807364016,0.10080645161290322,22.866935483870968,1060.0806451612902,50.1219558716,243.49660501368444,44.461985281713325,10-2870
38.230420525150556,62.7399978638,17.677850796138237,0.490969261300277,1.9303702484411591,0.03523035230352303,23.0,1027.10027100271,100.0,170.53339178623273,126.66141084601229,10-2874
39.498218284894726,70.0999984741,23.603683902822624,0.4849646326486531,6.00690258771514,0.0670926517571885,22.97444089456869,221.8849840255591,100.0,243.20255792518697,88.81485533817661,10-2874
53.14768539376657,68.4899978638,12.287784597863107,0.2383180870082364,3.208021604349406,0.0,22.76865671641791,276.99004975124376,100.0,140.4986715693268,153.73810840155758,10-2874
31.98524939219783,50.9300003052,17.841702811437056,0.11751485595796629,10.629187258792468,0.3023255813953488,22.427325581395348,250.0,99.5121994019,97.63253556810506,220.15852549293356,10-2874
47.671805911348166,67.3199996948,21.20393891901223,0.3739925631068069,6.322851407934363,0.05029585798816568,22.900887573964496,250.0,97.8048858643,153.45684872813118,137.66642233163546,10-2874
56.826090933265974,75.8099975586,17.469996834059426,0.5166047090451429,1.939518484387798,0.0,22.126436781609197,250.0,95.4878082275,165.62724667862716,124.52882596762707,10-2874
29.625886004821016,54.6299972534,13.032821100690708,1.1068583651032091,4.888465280071928,0.1016949152542373,22.966101694915253,310.1694915254237,93.5365905762,265.85043725030215,75.99725534939378,10-2886
47.43522533722662,66.3600006104,18.646582473029817,0.2504638561378416,6.168370366543484,0.10031347962382445,22.260188087774296,280.72100313479626,92.0731735229,58.31600858382525,341.035094203319,10-2886
60.57495101520161,76.8799972534,26.48722170585199,0.4473409129696763,1.7954423019649444,0.13580246913580246,21.93415637860082,250.0,90.9756088257,160.06840214925344,122.7645884040759,10-2886
49.022755208364806,75.2900009155,23.008699024041942,0.615193575513738,4.056412369352758,0.056666666666666664,21.5,250.0,89.3902511597,194.77569255487055,99.13092335716293,10-2886
42.42682339455488,69.439994812,21.82727932589728,0.8638164159809069,4.643129972933462,0.09051724137931035,21.5,252.58620689655172,87.4390335083,240.86372343467727,78.41293395480929,10-2886
55.69550708551735,76.4700012207,23.901318128190248,0.46554670477282756,3.624641272402423,0.046875,21.6015625,250.0,86.341468811,107.7456949547367,173.0905097508596,10-2886
38.369044056098936,65.0499954224,15.322331006754816,0.45072673389664286,2.4708835042653794,0.02197802197802198,22.997252747252748,301.0989010989011,100.0,92.31477244977769,233.98205321635947,10-2898
48.331541688219076,71.2399978638,20.16825210870806,0.4152248337772396,1.6313941021098122,0.04261363636363636,22.5,281.8181818181818,100.0,218.09307185184576,99.04028503332393,10-2898
50.00115390629666,73.6399993896,19.529398233282794,0.3952860275520261,4.383117291288724,0.030054644808743168,22.5,279.23497267759564,100.0,161.60891759482365,133.65599077987915,10-2898
52.482920403344934,78.7699966431,20.940230286757917,0.7971810791770749,2.0422817844379373,0.039525691699604744,22.5,251.97628458498025,99.5121994019,159.5319472625144,134.7356152773611,10-2898
49.0181856263468,71.6299972534,17.39057586651115,0.556104432923496,1.9177786017719487,0.03021978021978022,29.895604395604394,983.2417582417582,66.8292770386,131.13377163667178,110.07937665617172,10-2902
48.72341351004773,68.4300003052,23.24763597428988,0.3684522959303355,3.784096964013486,0.13074204946996468,29.247349823321557,836.9257950530035,65.8536605835,82.79252727863076,171.80766372990527,10-2902
40.700693430171704,61.0599975586,17.203779610586224,0.4841582559455933,5.460372065434028,0.07395498392282958,29.573954983922828,787.459807073955,65.3658599854,174.18817268482337,81.05616781682077,10-2902
25.828980386637834,39.5900001526,11.860200031968231,0.6659241277213794,11.055184639660848,0.0872093023255814,29.5,701.1627906976744,64.1463470459,179.62718506138205,77.13537879681003,10-2902
52.406605571616204,71.689994812,21.801332283695917,0.3213085232971229,3.5578199798687677,0.03819444444444445,29.5,901.2152777777778,90.7317123413,165.43015924622057,118.46721271997166,10-2908
49.54848545877994,70.4199981689,19.35265940480789,0.5610396418667536,3.1929835211041797,0.039886039886039885,28.45299145299145,685.8974358974359,77.0731811523,96.93742400601165,171.73766787803615,10-2909
44.32432329590247,60.9599990845,15.677131343402147,0.2504958833320334,2.2876724387791905,0.031413612565445025,29.0,640.7068062827225,75.0,31.104074776656894,520.8320812087887,10-2909
38.28652701443755,61.1399993896,16.81816222364852,0.9586945275753701,7.44656563965577,0.05759162303664921,21.69633507853403,103.01047120418848,82.4390258789,129.1735987361156,137.8519276699829,10-2919
54.15339696445563,71.0,21.919623502193332,0.4124057614532554,3.6776276366079803,0.06363636363636363,21.5,250.0,80.9756164551,163.42942131419753,107.0231602954476,10-2919
50.91805531868424,82.0099945068,22.072079171111856,0.8177573694544252,5.655295377546367,0.04713804713804714,21.94107744107744,250.0,77.6829376221,190.3803519590971,88.13679748831775,10-2919
45.485853457752974,64.7099990845,19.036354378429927,0.30923330928791876,5.605222053433785,0.07331378299120235,30.420821114369502,1243.9882697947214,78.6585388184,207.69037589437156,81.80564126580137,10-2922
59.52967011760733,82.5599975586,21.114176734129796,0.42018449486412235,0.6349964581826766,0.07391304347826087,29.5,961.7391304347826,74.8780517578,196.99552962221088,82.10165586347016,10-2922
39.30036270112837,61.0900001526,14.383485687749117,0.457773607463452,4.655175084203777,0.043478260869565216,21.53913043478261,250.0,100.0,99.36497390916821,217.3804223985914,10-2931
35.0653544696929,57.9899978638,18.957016516374086,0.5085921380405176,16.54236157653063,0.20434782608695654,21.536956521739132,250.0,100.0,128.35784339567633,168.27954902152544,10-2931
61.523607431003704,74.7999954224,31.83813651306188,0.5944927874506739,2.092558366414317,0.348993288590604,22.0,250.0,100.0,229.6937761812584,94.03824674358951,10-2931
42.576420391875814,68.8300018311,13.757975468172226,0.4214434625174448,4.5256772970621935,0.0,21.71319796954315,250.0,100.0,172.72649848718206,125.05319212270678,10-2931
25.264499339189094,39.6800003052,13.6094608980286,1.2834748743889375,12.135827753253428,0.16981132075471697,21.645283018867925,250.0,100.0,210.36584435215235,102.6782654119535,10-2949
19.20516608159267,40.3199996948,12.532566283192756,0.9000927498716873,17.721890947164656,0.5238095238095238,22.0,250.0,100.0,381.01758480029616,56.69029688307239,10-2949
22.278759543417916,44.4500007629,13.296094684086041,0.931595608632573,20.367767474463836,0.14383561643835616,22.339041095890412,250.0,100.0,145.25661070638765,148.70235437105748,10-2949
47.2701251108276,80.3300018311,21.29963274049003,0.76979731812128,4.793080054818941,0.05089820359281437,22.0,250.0,100.0,242.5064603801375,89.06979206302888,10-2949
44.98036199974785,81.0499954224,22.084474887337663,0.6094474076264185,5.3997113680829445,0.047872340425531915,21.91755319148936,250.0,100.0,213.76011385423016,101.04785037085885,10-2949
27.548090616200792,49.219997406,14.815543807022665,0.6087794929308848,9.686838435914467,0.16319444444444445,21.82465277777778,251.90972222222223,98.5365905762,119.1317760571675,178.65849287973128,10-2949
31.701584531032324,55.8799972534,20.055884682804646,1.2110707949493136,22.633082345939705,0.47435897435897434,22.006410256410255,250.0,97.6829299927,299.3303588658902,70.4890508211914,10-2949
26.189253052665148,47.0999984741,14.243867436822919,0.8759428800550275,17.27174120687559,0.2342857142857143,22.5,258.57142857142856,96.9512252808,232.77867749228943,89.96298495314919,10-2949
11.712624115099594,23.8699989319,5.3792266916976565,0.40562863770885027,9.71205044509486,0.12648221343873517,22.5,251.18577075098815,96.341468811,210.64008483162704,98.79295899358407,10-2949
21.759215135199465,42.2299995422,13.231422506254468,0.3745475675353303,13.39710807508892,0.2,22.5,258.03921568627453,95.8536605835,143.47655622920436,144.30504348710917,10-2949
24.30257691059495,43.4500007629,13.75839714728736,0.7803673026039436,7.0770090719041,0.302158273381295,22.5,258.9928057553957,95.2439041138,141.27077245296888,145.6258993375983,10-2949
25.205438954487523,43.7000007629,14.847145653791653,0.7744275999216145,17.419113801225798,0.2222222222222222,18.207264957264957,142.30769230769232,100.0,161.49775913297302,133.74798582942026,10-2967
21.12127146177167,42.8899993896,14.030294970541227,0.699495599557123,9.302901848865472,0.19718309859154928,21.1443661971831,204.40140845070422,100.0,131.47534779640236,164.2893543316495,10-2967
38.195230938739336,60.7799987793,17.92673515338363,0.8741629739980791,7.8768148607625035,0.06790123456790123,19.74074074074074,219.59876543209876,100.0,193.469552972305,111.645474278281,10-2967
50.95644562061018,76.3099975586,24.21479664844911,0.5989515326132433,3.894640905202306,0.09900990099009901,19.476897689768975,204.45544554455446,100.0,169.49346645144723,127.43854056573616,10-2967
46.49887320852987,77.9700012207,23.175511423256665,0.5429820020598037,3.8356701130404245,0.05625,18.8953125,202.03125,98.7804870605,179.5806567054648,118.81338222335783,10-2967
41.68596778660978,56.3799972534,13.600427871166179,0.2546630299297022,4.944876868199732,0.050445103857566766,25.0,684.7181008902077,75.2439117432,213.74215792855634,76.03874263290486,10-2973
49.91015824283486,71.9700012207,22.28073667326987,0.37242239049130654,1.75172392777133,0.12237762237762238,25.393356643356643,500.0,73.7804870605,169.32367400987405,94.11906101292523,10-2973
51.49507439676846,73.8199996948,20.738225889816928,0.549060790841584,2.9004954385640316,0.02932551319648094,20.0,0.0,75.4878082275,85.77247886676471,190.10021387475643,10-2999
39.64996308046037,67.7399978638,20.66114132970541,0.4788591480496939,8.376320763597088,0.08250825082508251,20.0,0.0,73.9024353027,166.34262547753673,95.96413414515251,10-2999
28.725271375607118,58.0,17.57640258587123,0.6552442818492306,8.613927075809446,0.1524822695035461,20.342198581560282,0.0,73.0487823486,221.89092421824196,71.10942929679511,10-2999
21.998481728139286,41.5900001526,13.104313600235248,1.378470641175946,13.620039273848096,0.17343173431734318,20.5,0.0,71.4634170532,92.36601971964149,167.11879682966074,10-2999
25.915964285535086,51.3799972534,17.099236431773534,0.7398715574452825,14.974723169012975,0.19339622641509435,20.757075471698112,0.0,71.2195129395,193.3080490527867,79.57979437644236,10-2999
30.95235226575016,45.3600006104,14.226702786234963,0.8559305152996503,6.533336372704236,0.10526315789473684,22.652631578947368,250.0,74.3902435303,165.26667646869058,97.2264520947688,10-3009
29.10282547577659,47.0399971008,15.72467893706532,0.5915708007534484,9.50668133719592,0.1320754716981132,23.42452830188679,250.0,73.6585388184,56.98250855510433,279.21277578344177,10-3009
32.198952917905736,50.7700004578,16.60156459163935,0.816698896699071,11.313820177148928,0.10104529616724739,19.794425087108014,251.9163763066202,88.5365829468,255.346449942501,74.8939408431765,10-3011
31.0586799821924,48.8699989319,13.996953838989679,1.0421223212500117,10.309085396334032,0.06493506493506493,20.0,250.0,86.5853652954,207.40758078893484,90.17239790689545,10-3011
23.547794975790637,38.7700004578,10.923670409809809,0.359501286726555,8.125613677731693,0.04573170731707317,19.757621951219512,250.0,84.7560958862,172.085218306568,106.3851787595429,10-3011
27.73077176063102,44.8400001526,13.396364228017,0.7567026826151821,5.169386427244286,0.11191335740072202,19.5,250.0,83.5365905762,135.89510005036337,132.778176385845,10-3011
29.54810827358846,42.5499992371,11.96000804969189,0.5178712211939827,4.336370856360364,0.05740181268882175,19.916918429003022,250.0,82.5609817505,98.28100906378663,181.45084414562598,10-3011
66.72617291681249,86.2399978638,14.024792859462217,0.23358708959107538,2.8609471325378233,0.0,24.5,583.3333333333334,90.365852356,173.69284595566253,112.37667274954146,10-3017
49.68509845116778,75.2200012207,16.129249674137757,0.36070033077124886,3.0780191321466233,0.0,24.16044776119403,692.9104477611941,77.9268341064,94.55127457390688,178.02188540383298,10-3018
36.40620511527612,67.75,18.613405262839187,0.8426543150022687,2.792834409433577,0.018617021276595744,24.11968085106383,540.9574468085107,75.7317047119,204.43446419228803,80.01609847146058,10-3018
25.085237709030885,41.8699989319,13.907093268315256,1.186296073232133,13.524582187008198,0.17415730337078653,24.44943820224719,594.6629213483146,73.5365905762,133.21066610959213,119.2389770905548,10-3018
24.223582921425376,44.8699989319,11.787171565550496,0.6528751716585101,13.341576566597997,0.08745247148288973,24.91254752851711,600.0,72.0731735229,169.3269685203058,91.93931490647044,10-3018
25.98866281061089,42.969997406,14.32968875463938,0.4167092520743375,13.218662368294982,0.15481171548117154,24.5,0.0,69.8780517578,186.22515095378864,81.05059441423279,10-3019
28.730223150397354,45.2000007629,14.41950080811626,0.718110713631953,7.254835976354981,0.0945945945945946,24.01858108108108,0.0,69.1463470459,224.10936140217257,66.64429753611181,10-3019
29.208085738582128,45.8799972534,13.497261693350405,0.4194974047499381,7.436017459957578,0.024096385542168676,20.667168674698797,0.0,68.2926864624,206.37075688085167,71.47921778663161,10-3020
33.48227208961769,48.3400001526,14.04531817033053,1.1574217373448579,2.1968955886981534,0.08333333333333333,20.74375,0.0,67.3170776367,82.16665044082424,176.96338711043288,10-3020
57.450964985263056,72.6399993896,24.436356179329273,0.1875665975975283,3.0446485723895664,0.14814814814814814,19.0,0.0,86.7073135376,172.8251300913766,108.36838204154263,10-3025
49.35377905643912,71.9099960327,18.50255989612205,0.41137458471041194,2.578949778694302,0.02099737532808399,18.868766404199476,8.26771653543307,84.7560958862,175.1873379385736,104.50136937315837,10-3025
45.42335968832201,76.4700012207,20.640765932447472,0.42769429923548546,5.679457970151109,0.034574468085106384,28.26994680851064,986.968085106383,69.0243911743,91.91075289979531,162.21462694254575,10-3031
42.27121519076041,68.8399963379,22.01412656319821,0.8282260338348012,3.8491069749901587,0.1225296442687747,27.8300395256917,795.4545454545455,68.5365905762,148.46913439020997,99.71031100343889,10-3031
28.716556191880183,56.5900001526,16.532114112214025,0.4753449401667849,11.186026619368613,0.10491803278688525,28.72622950819672,728.360655737705,68.1707382202,235.72030533865325,62.46759028420715,10-3031
21.177304212931872,42.2999992371,11.664259140163368,1.0399254728714704,14.854541575591806,0.12627986348122866,28.503412969283275,593.5153583617747,66.707321167,82.52783594432313,174.592986804995,10-3031
38.98867821842548,66.6999969482,22.734426911873054,0.43733458948948245,6.8204250998756635,0.12637362637362637,28.5,399.45054945054943,79.2682952881,175.3329850552326,97.65391136662575,10-3037
28.114381076184007,50.1299972534,13.694515013466171,0.6290983836648935,8.441260816403922,0.03875968992248062,18.5,0.0,100.0,218.9184180754552,98.66689239712608,10-3056
29.253037303808483,53.9899978638,15.223946654165317,0.5593127952720003,11.657995120649282,0.10566037735849057,18.5,0.0,100.0,71.85148191770224,300.6201044640994,10-3056
19.77846840808378,35.3699989319,10.736813018582076,0.5889440954421684,22.0228630200696,0.15040650406504066,18.701219512195124,0.0,100.0,200.1646907352797,107.91114017489863,10-3056
42.57696329087712,69.1500015259,18.91241944541208,0.41686530498300817,2.7660453644098566,0.0,18.602040816326532,0.0,100.0,192.45395171550575,112.23464006564079,10-3056
28.045348958535595,47.6100006104,11.607031965570632,0.7140084357829486,4.615135594684696,0.037037037037037035,18.5,0.0,99.6341552734,119.85213431659751,179.56273921835452,10-3056
52.576555013656126,74.4899978638,15.451419234696017,0.5731548937529847,3.113203507852132,0.0,23.0,0.0,83.7804946899,111.08767862348782,162.90363681424654,10-3060
41.499671242273564,66.2900009155,20.845020043227073,0.8744583938504161,5.647460428052568,0.0996309963099631,23.271217712177123,0.0,81.2195129395,166.65790541787564,105.2660223404578,10-3060
28.37820450988883,56.6800003052,15.330983021303444,0.7039383569411375,13.63402477343812,0.12218649517684887,23.5,0.0,80.6097564697,81.89370423280832,212.61350381656945,10-3060
20.732931310392896,43.2900009155,11.943195437989285,0.8046461495690855,20.155065864599,0.16722408026755853,27.0,311.87290969899664,66.8292770386,63.45849878357545,227.47345299750063,10-3062
39.26449182759724,54.5900001526,19.73232578019476,0.5691887034183033,6.890269154917372,0.15853658536585366,15.91260162601626,0.0,100.0,165.82705057441316,130.25619116530825,10-3065
35.85602482618077,52.1399993896,19.504842696017832,0.686928442529025,4.6132507907822635,0.20408163265306123,15.926020408163266,142.3469387755102,100.0,138.34274112927045,156.1339599293937,10-3065
45.91488614476783,62.1299972534,19.558758856141846,0.36475094340287256,4.38378418465728,0.0859106529209622,15.984536082474227,4.810996563573883,100.0,201.36267951888115,107.26913274897414,10-3065
45.650715271859454,77.3199996948,20.92770099875738,0.5312441123594768,4.437233899789202,0.04904632152588556,16.036784741144412,120.98092643051771,100.0,110.24511320662981,195.9270517461906,10-3065
44.09949062961722,61.0299987793,19.489223975317376,0.43891810920337476,4.198382337552448,0.1348973607038123,14.362170087976539,1649.266862170088,82.5609817505,139.8229877672897,127.54105989916421,10-3072
58.970995061340254,82.939994812,30.764037868267017,0.4414036272519028,2.3459530197606666,0.1458966565349544,14.5,1149.696048632219,80.6097564697,270.651447324094,64.33258558046946,10-3072
54.03698215996566,67.9300003052,25.28748259378062,0.31788203567142925,1.4526439148796328,0.1986754966887417,14.5,911.5894039735099,76.3414611816,203.8475623708013,80.89258180694124,10-3072
52.70075029017176,75.1800003052,20.909198255334832,0.330698811976594,5.536338461433543,0.05263157894736842,18.0,0.0,59.8780517578,104.38393293947617,123.90469314069615,10-3080
52.61415534852844,74.2099990845,25.642681124207638,0.4579239573047098,3.936310928643985,0.18226600985221675,18.0,0.0,58.9024391174,118.26383924066938,107.58087113565608,10-3080
27.71409428427487,48.4799995422,16.58118122842643,0.5991441833377044,10.311073526255532,0.15018315018315018,18.0,0.0,58.4146385193,325.3507216287671,38.7814167339261,10-3080
29.77954648679512,54.469997406,14.699649699527644,0.685364549180973,11.556086249701439,0.103125,18.0,0.0,57.8048820496,77.46794370296361,161.17446682963836,10-3080
35.447923544443015,58.5699996948,18.582579672151173,1.06249648947364,11.5668898460042,0.12757201646090535,16.833333333333332,0.0,73.0487823486,288.31142132035524,54.72740869937785,10-3096
59.474011926276475,69.3699951172,16.22700920876981,0.13489239888837948,3.077262808816783,0.0529595015576324,15.858255451713395,6.542056074766355,71.8292694092,127.0700573792818,122.09896266968138,10-3096
47.91244788072406,72.7299957275,19.334932948595238,0.3325074070645009,4.095887126786163,0.01507537688442211,14.948492462311558,0.0,68.1707382202,98.36483683225869,149.6965778601707,10-3097
46.088787585242734,62.5900001526,12.910702396176573,0.2874541800222296,1.3559426551109643,0.01662049861495845,25.81994459833795,0.0,53.9024429321,212.89058609866277,54.689725303014384,10-3130
59.85964489344071,73.5199966431,23.8911083802967,0.5784342262308749,2.4219434035608174,0.07906976744186046,24.53953488372093,0.0,52.1951217651,97.13862423125398,116.06244571079878,10-3130
52.981715944081415,77.5499954224,22.8794611500369,0.4273511338341168,4.374741627554864,0.04807692307692308,22.512820512820515,288.78205128205127,37.5609741211,123.10770524221358,65.9030268998597,10-3131
43.21709584036315,59.5699996948,11.692182678534273,0.35090058173760375,3.7609907673211276,0.0,22.842741935483872,300.0,35.3658561707,54.39670305928578,140.43176338362994,10-3131
28.83954480660393,50.6199989319,16.68085012605957,0.6414936129000618,9.912702639755109,0.21172638436482086,8.13843648208469,1533.0618892508144,83.0487823486,337.4100582913306,53.165388957696386,10-3137
50.1058352010568,64.2999954224,15.876288463257678,0.4573800123944478,4.346673951467999,0.040955631399317405,8.5,835.1535836177475,81.2195129395,106.62660781362457,164.5313037210805,10-3137
44.236406532113726,63.3799972534,15.40526868919527,0.5258760086858479,3.929609916249554,0.0158311345646438,8.660949868073878,378.49604221635883,79.3902435303,184.50926647460548,92.94000745976065,10-3137
25.975316390183696,44.5299987793,13.973586367038079,1.228393922540987,10.8394092881848,0.11526479750778816,8.88006230529595,323.208722741433,77.3170776367,152.6501362939208,109.40369379933719,10-3137
30.69008294508373,52.2599983215,14.397444280477451,0.6384496943002651,9.07701203682411,0.07003891050583658,14.0,200.77821011673151,100.0,211.74171136125463,102.01107689711654,10-3145
32.95003611725636,50.2899971008,16.717594733923413,1.0740434492146096,5.739985939283174,0.09634551495016612,17.5,0.0,99.5121994019,176.38658948515626,121.86093701085632,10-3150
47.92588605803463,62.8199996948,16.692597335063176,0.46203210585213017,3.8872934959052707,0.046153846153846156,23.5,251.15384615384616,70.7317123413,68.50404334274927,223.02405989788755,10-3161
37.231988037335576,50.1299972534,13.612919631678947,0.4933593171071291,2.5735763540418897,0.060526315789473685,2.5,1872.5,100.0,160.33726234323444,134.7160334680083,10-3183
38.99014486618121,64.0599975586,20.0956331472198,0.7412361863264236,5.438425587553617,0.2509090909090909,2.6854545454545455,1464.0,100.0,238.43665526168974,90.59009813861674,10-3183
52.19712398449313,74.4300003052,26.00876668461657,0.4307092295696583,3.7528784221736338,0.18088737201365188,2.9419795221843,1102.730375426621,100.0,178.24404375557052,121.18216993337795,10-3183
46.294185063370215,88.0899963379,26.511728921090626,0.4693191596729411,4.403000106050614,0.12753623188405797,2.2376811594202897,773.0434782608696,98.9024429321,277.44508810199005,76.99875971666326,10-3183
37.317643151856544,54.0699996948,13.825289649686587,0.5380292488835122,4.644506068918346,0.025510204081632654,7.197704081632653,0.0,98.1707305908,104.13839048588625,203.62210044418416,10-3211
50.40238912628725,66.9599990845,12.701981097172679,0.4698780543838283,3.1198592547913315,0.0,6.5390243902439025,0.0,97.4390258789,169.68023457983182,124.03819243861433,10-3211
29.995805728469204,53.6100006104,15.986302128717607,0.43534204586823727,4.778421174488866,0.03943661971830986,6.449295774647887,0.0,95.9756164551,151.1021965799703,137.19676896510194,10-3211
37.03554598242312,61.0299987793,20.060676237426808,0.7735758618776601,14.698402040888073,0.2147239263803681,12.650306748466258,0.0,84.7560958862,116.07190030080774,157.72393373395818,10-3215
28.37985367219937,49.9799995422,12.541014102773083,0.6276393876736376,7.783980817819919,0.04186046511627907,12.483720930232558,0.0,84.3902511597,197.82359902046767,92.14418472191088,10-3215
51.69462024443083,72.1800003052,24.365850358625362,0.4107819449462508,4.7396091978470265,0.13725490196078433,7.71078431372549,369.6078431372549,50.0,144.14008866733172,74.9271080644738,10-3223
47.84458965933114,67.1699981689,22.898283503618376,0.5326171550115365,4.262408858700407,0.10793650793650794,7.523809523809524,198.88888888888889,49.2682952881,113.20729362970945,94.00411794171528,10-3223
46.95699590963339,64.1999969482,16.39636007739692,0.49883365014781,4.465138394625524,0.059322033898305086,7.5,306.49717514124296,47.317073822,190.92502797247585,53.53142044334494,10-3223
15.858536292864267,27.0599994659,9.21487515776863,0.7470311891138022,5.182993178312911,0.514792899408284,7.65680473372781,1005.0295857988166,45.4878044128,514.8856318731517,19.082617857134917,10-3229
56.732483653248885,84.6500015259,27.454510146909353,0.5538386321445395,3.721143460531265,0.053824362606232294,7.0,380.7365439093484,79.0243988037,158.69369886714986,107.5611083707155,10-3234
48.77522972180271,75.5199966431,28.566003271215312,1.4107684571165224,2.661671037586703,0.22310756972111553,7.0,80.87649402390439,74.5121917725,205.51938331386506,78.31199745417979,10-3234
55.21012654405489,66.2900009155,5.119504691326943,0.2195669444621157,1.107181370727451,0.0,7.0,0.0,72.5609741211,88.99034847785879,176.12213771763302,10-3234
50.893369243285726,70.1999969482,18.458580702065586,0.5476614638752733,3.4533151320214768,0.034666666666666665,9.5,42.666666666666664,66.4634170532,135.87717394955695,105.6549651880511,10-3263
39.31232819979992,67.9000015259,18.309334252715757,0.4994875212364037,5.028417550565548,0.022277227722772276,9.81559405940594,269.4306930693069,64.7561035156,168.35421718151653,83.08267291153581,10-3263
7.626630293284838,19.1899986267,4.884164432205074,0.710538526010021,53.64732053833085,0.30303030303030304,10.5,102.65151515151516,62.6829299927,294.99702630212863,45.8971164833247,10-3263
11.213809213944442,16.5499992371,6.303189198724773,0.7841999090461869,37.31453020931714,0.5625,10.5,125.0,62.3170776367,313.7143469934725,42.906831958843355,10-3263
11.884956227176522,25.7699985504,7.467693664011426,0.5557058329362276,24.930720898529717,0.31547619047619047,10.583333333333334,69.64285714285714,62.0731735229,240.53374912116902,55.74188873675357,10-3263
21.934681313689726,36.0499992371,11.877240967949822,0.6501285729063828,11.272500766896863,0.2,11.0,172.36363636363637,61.8292694092,128.69826098903093,103.77080536873355,10-3263
42.430736197876506,67.0499954224,22.471619111655187,0.676191016619567,3.0372794200743245,0.09302325581395349,4.5,1621.2209302325582,100.0,252.29172266153225,85.61517505264322,10-3271
50.30186273077917,71.6999969482,18.451697666023126,0.2714240513307133,4.94330170323396,0.06887052341597796,4.5,1307.1625344352617,99.0243988037,190.00754176979464,112.57063768296925,10-3271
39.482338476618985,58.1099967957,15.901511876751396,0.9811501460957195,10.129084282722808,0.048034934497816595,10.316593886462883,124.45414847161572,66.4634170532,140.2799513039197,102.33891550467102,455-568
45.1897346405709,63.3799972534,18.635809920251113,1.0147392543565692,11.250793618729396,0.0825242718446602,10.0,246.35922330097088,65.9756088257,93.72892496912944,152.04198182199167,455-568
54.950753726298174,71.9000015259,23.62915938400833,0.6474732731695124,5.425441136753899,0.10674157303370786,10.252808988764045,0.0,64.8780517578,67.02627428676846,209.07710190973887,455-568
40.293013888254045,52.3099975586,17.378117936971258,0.7987748661200997,9.53522912940651,0.15,6.690625,1641.875,100.0,162.32643256612437,133.06520483779587,455-575
37.88405807999977,51.469997406,16.210747971224944,0.5706585545064998,9.255082733470385,0.09574468085106383,6.877659574468085,1164.8936170212767,100.0,138.6783898007755,155.75606286625063,455-575
30.24431436028822,45.1800003052,15.586237896636328,1.1519796228418646,22.652373689933874,0.19337016574585636,6.734806629834254,400.0,100.0,182.55460785756662,118.32076031108909,455-575
42.12753824663461,61.3699989319,17.46051319679218,0.6425121300644043,9.098928079952556,0.0861244019138756,6.5,1167.7033492822966,99.3902435303,88.12971912895875,243.59878613853977,455-575
27.373178201005498,41.5,14.034621683188506,0.9008576814543695,24.772548639437918,0.15168539325842698,6.5,1078.0898876404494,98.414642334,324.4496405080659,65.518835868815,455-575
46.40043380064667,66.2099990845,18.49456186992722,0.8139358537584426,2.7185964945020045,0.037209302325581395,6.4,1430.2325581395348,96.341468811,180.58099334352116,115.23780480922139,455-575
52.43905230707087,65.4599990845,14.050102075015728,0.7819969089383059,7.746959546244198,0.016194331983805668,5.854251012145749,454.8582995951417,94.1463470459,168.2511999215111,120.86458207371436,455-575
53.38685593410147,67.1199951172,16.499286980055977,0.39612772172114435,5.727946133144855,0.008097165991902834,5.6396761133603235,419.2307692307692,91.707321167,61.31407109853736,323.0707245036374,455-575
46.96100581572229,75.0999984741,24.807415306870517,1.1081362350478308,11.080284145162194,0.12352941176470589,6.223529411764706,427.3529411764706,89.0243911743,133.94864370233907,143.5570227674729,455-575
59.10774744992073,84.1500015259,15.335812926864525,0.3342741859478361,2.075781824325162,0.007792207792207792,7.5,415.45454545454544,82.8048782349,101.23782111306357,176.671657905036,455-588
53.74987508927031,68.1199951172,28.599943566274437,0.7682934548308202,3.888250056692361,0.28634361233480177,7.5,424.22907488986783,81.341468811,54.11525469050535,324.6729108762497,455-588
60.09152124177514,77.7099990845,21.25364892789802,0.3724192497654667,1.313698722026905,0.05367231638418079,7.867231638418079,446.6101694915254,79.7561035156,150.75682481620694,114.27222867271212,455-588
20.269725623196027,35.8400001526,12.02440281657606,0.9868317142109145,46.88675766126794,0.48951048951048953,7.576923076923077,429.72027972027973,77.0731811523,224.44645720256287,74.17273293769193,455-588
52.477918948200916,71.6599960327,18.99676278129219,0.5842474528913121,3.0259203985573473,0.03305785123966942,8.107438016528926,131.12947658402203,76.4634246826,160.7111536238902,102.76884559048075,455-588
50.088887708353084,66.25,19.702366256345897,0.5086598225365091,3.1155711328788835,0.05714285714285714,8.0,297.85714285714283,74.6341552734,124.22406067495177,129.77339052888482,455-588
51.45423680544135,75.4000015259,21.779724698185266,0.21316170671314338,3.610605502835527,0.08379888268156424,-1.8477653631284916,2512.5698324022346,100.0,215.66701181564096,100.15439922014762,455-596
43.830079439178824,73.0199966431,14.906962362743421,0.42646631206291474,1.5848572153038138,0.018421052631578946,-5.648684210526316,2356.315789473684,100.0,221.38407699384533,97.56799266372035,455-596
88.12820947680417,117.86000061,31.150446583767195,0.39248621030890984,0.5110125223545097,0.0,-6.472292191435768,2039.168765743073,100.0,263.71374807890913,81.90699255291305,455-596
80.12410339305737,114.180000305,29.8103144083338,0.36169927821712233,1.6563675353187395,0.0,-6.027631578947369,2262.7631578947367,95.2439041138,151.75883434881754,135.56168493818623,455-596
42.17021414028613,66.4599990845,23.950145084029607,0.5488941392007661,3.4383534502589392,0.27626459143968873,-1.632295719844358,1162.645914396887,56.7073173523,121.94651982856503,100.44387134062039,455-600
15.908905912191562,34.1599998474,9.803677811543903,0.384484168846942,22.124232120922514,0.40186915887850466,-2.5,1069.6261682242991,52.8048782349,493.07489893181304,23.13209154115896,455-600
42.025363614164014,58.8499984741,23.137028236446284,0.5855029227791627,6.437379030571849,0.2862453531598513,-2.356877323420074,1012.8252788104089,51.707321167,158.75594179925298,70.35189515107997,455-600
44.539081951950656,60.2999992371,15.978956819274378,0.31156674914412574,2.4453212631831085,0.04644808743169399,-2.0,900.0,50.7317123413,101.07799651370159,108.41182298498948,455-600
49.95813908281523,63.6299972534,14.71898865660168,0.3769935482034122,3.043744389065574,0.03636363636363636,-4.0,2018.7012987012988,36.4634170532,82.59280489176092,95.36058369506813,455-603
27.815569405446514,52.5599975586,10.34820289269806,0.578590874232566,4.650941962716315,0.0,-4.0,1450.0,35.2439041138,173.54808897379925,43.86497905909005,455-603
44.1869770997768,65.1599960327,17.80703305306778,0.5813002737322827,4.514519540918891,0.06686046511627906,7.0,0.0,61.3414649963,90.18609249853164,146.9157391359042,455-616
42.88763333648962,67.9099960327,25.337350123953836,0.9052029611336014,8.80484233762556,0.3007518796992481,4.022556390977444,3188.90977443609,70.6097564697,319.81333860862566,47.689403649669565,455-625
39.22650264003015,63.4199981689,13.058867632034628,0.3367253403999989,6.470693953848201,0.0,3.5,3033.98533007335,69.0243911743,190.96649722135325,78.07269186263159,455-625
31.072213136517178,42.1100006104,16.09673043865668,0.9361406976815914,9.325107068053695,0.2471264367816092,3.5,2854.885057471264,66.8292770386,304.86016433339734,47.34998379306534,455-625
55.94317895869505,69.8600006104,12.973394837759024,0.4517214713262103,2.954046915132752,0.0,5.0,1416.9611307420494,53.2926864624,121.04324430382947,95.10006396543864,455-627
38.272365976174505,62.7999992371,19.46358524259775,0.38988688204828,6.911660799097618,0.08256880733944955,2.9862385321100917,446.3302752293578,99.8780517578,139.4442384912487,154.7117285956474,455-630
49.41604949546444,73.8300018311,25.45115100756475,0.7105410024556305,3.2379153992542427,0.16783216783216784,2.5,1649.1258741258741,98.414642334,193.16852810821106,110.04671906096281,455-630
41.0582124538376,69.4199981689,15.669438111095955,0.36826009890860006,2.8364798213655025,0.01832460732984293,2.5,650.0,96.8292694092,121.65344231306908,171.92380087826183,455-630
82.57624810128216,121.839996338,35.92931200325907,0.5619887416961075,1.8822363805601612,0.09480122324159021,2.0565749235474007,650.0,94.2682952881,213.0075827452961,95.59261468441436,455-630
92.73015407718906,118.189994812,31.167682555286607,0.34143118489881064,1.4212469400737267,0.0,2.8697916666666665,834.2447916666666,89.7560958862,178.83986513690797,108.40601281250997,455-630
42.91673040389711,72.9799957275,27.057349906748843,0.3616517019446942,2.7909270354723876,0.27816901408450706,4.0,1811.619718309859,80.4878082275,183.86449909884203,94.55532015342429,455-632
43.53025158968338,69.689994812,26.235859912744676,0.823281961760146,9.798193675800611,0.2693726937269373,4.0,814.3911439114391,78.1707305908,203.2029880906412,83.09364919417962,455-632
60.08104232504972,74.5999984741,21.581591495811686,0.3231301993687124,2.7783346906899142,0.10542168674698796,4.0,675.6024096385543,76.4634246826,128.09801769883305,128.93329676866702,455-632
59.02497475069005,73.8799972534,10.96161762599582,0.25895636898012653,1.4518255416563193,0.0,4.0,736.4928909952606,74.8780517578,102.03176883310961,158.5159148435384,455-632
49.49369349503342,67.3499984741,17.254822781983282,0.3218406894111482,2.878229031987291,0.007334963325183374,4.5,400.0,57.9268302917,118.75464633898362,105.36173302467088,455-635
35.68870751659337,68.4000015259,22.107487052503103,0.6372399816980004,8.425598708874098,0.07692307692307693,4.5,419.61538461538464,56.9512214661,182.7016503455687,67.33088515298112,455-635
52.880780569502775,64.8699951172,16.079275412380873,0.226505290257051,3.1361883692484422,0.03459119496855346,4.522012578616352,450.0,50.1219558716,99.68406856716572,108.6065469024367,455-636
63.24224261787008,71.8099975586,5.636087738197812,0.11495594946115216,0.4475766223629956,0.0,2.982283464566929,0.0,98.5365905762,148.08352748368443,143.72904215699631,455-646
53.237707872392185,69.3799972534,24.881960863088587,0.753946397877893,7.424473918257713,0.14860681114551083,2.5,648.6068111455108,72.9268341064,115.23245063856966,136.69930718031569,455-658
39.68832837197716,72.3600006104,18.598950752320924,0.5382897071681819,2.9206565678423995,0.007425742574257425,2.5,418.56435643564356,70.9756164551,160.0434274863916,95.79108242733156,455-658
85.60559072993128,116.979995728,34.41901718634487,0.44230937847721724,0.6957636037308009,0.0,2.5,633.2938388625593,69.2682952881,231.70329759639654,64.57375418235002,455-658
89.12017536646879,121.38999939,33.70883437792808,0.45809852757951663,2.006142372564701,0.03194103194103194,3.1633906633906634,632.8009828009828,65.4878082275,150.54912196196204,93.95847941719639,455-658
51.60192722393622,71.4700012207,17.32830777042585,0.4451422306727795,3.1040087771534797,0.04473684210526316,7.0,1082.8947368421052,57.5609779358,146.38906743892153,84.93237542701294,455-659
44.203842445624346,61.3099975586,20.579577175568318,0.5786640916313177,6.411269710447385,0.10509554140127389,7.1528662420382165,459.71337579617835,56.4634132385,104.19286877577207,117.05309012810247,455-659
38.41664453969505,69.689994812,20.164127003774176,0.6765296188116809,4.325621953073027,0.06006006006006006,7.5,450.0,55.4878044128,88.92510373248264,134.78045287662425,455-659
35.171545248279216,51.0699996948,14.653775835449222,0.4171028465639828,12.538378203272337,0.06172839506172839,7.486111111111111,409.10493827160496,55.3658561707,92.98709155526504,128.60951700767617,455-659
32.988265529138175,59.5,16.90426251070902,1.1359851948620154,5.343646565962876,0.09776536312849161,7.167597765363128,104.32960893854748,54.7560997009,216.36271304385124,54.66430591946452,455-659
25.868789526069325,43.1599998474,12.468026403047828,0.6591907306988908,2.8658350963936052,0.10223642172523961,7.5,221.7252396166134,53.9024429321,126.44046329130818,92.0822920943375,455-659
27.08243193497294,48.8499984741,14.514564476545416,0.9825956916933662,9.317009060764791,0.09480122324159021,7.5,299.08256880733944,53.1707344055,165.52320572595337,69.38530812774862,455-659
33.70824080582183,58.1999969482,16.670900966114363,0.5472902624069421,2.5564829889959815,0.11314984709480122,7.5,122.78287461773701,51.707321167,157.62331985584328,70.85741743218308,455-659
41.18935069940195,62.0900001526,16.92147000031104,0.5856917266337152,5.066960199416964,0.06389776357827476,7.2699680511182105,404.7923322683706,50.2439041138,137.7310346649543,78.79620824007553,455-659
57.45091456268243,70.6399993896,16.410362493282477,0.3288090519137042,1.6524916895414836,0.017994858611825194,9.469151670951156,369.28020565552697,62.6829299927,147.5124169046064,91.78558091946223,455-668
48.75382855259241,67.1699981689,18.43445408406724,0.27241257796458185,4.181667742411692,0.0784313725490196,8.741830065359476,439.0522875816994,58.0487861633,114.57231381813884,109.43776374434822,455-669
43.051616672209406,61.5299987793,19.028925099740377,0.4197247412983904,8.220227943047927,0.10526315789473684,8.5,341.9407894736842,56.8292732239,78.40467592928587,156.5611090266285,455-669
29.35815844276694,58.7999992371,20.789124258109254,0.9334119698621373,9.048349840026965,0.1672473867595819,7.038327526132404,338.6759581881533,53.9024429321,122.8434521704486,94.7785776744431,455-669
42.66774703073549,60.6899986267,20.068105812274247,0.6117133132436607,2.3808757070153326,0.13245033112582782,6.745033112582782,293.3774834437086,53.2926864624,103.68485507557122,111.02123128289458,455-669
21.002018762319906,55.219997406,15.81038954820641,0.37045567784720806,13.656074166835467,0.24363636363636362,6.381818181818182,342.0,51.8292694092,170.44353263690513,65.68229383180004,455-669
54.818224305747854,72.0800018311,27.219990832114974,0.3901116295723254,3.4591247109204972,0.23140495867768596,2.365702479338843,650.0,90.8536605835,179.69093078910757,109.21191514705863,455-674
36.90092795921006,55.8899993896,16.038344759624657,0.6714894443112561,5.899399139796297,0.069164265129683,15.011527377521613,0.0,59.1463432312,67.41902540591428,189.49562176285136,455-678
52.545695825263934,75.4599990845,23.427611921812524,0.1800576347590653,2.310098532248301,0.0,7.0,859.9759615384615,83.0487823486,90.51968049494394,198.17278286018225,455-690
53.91383072446359,72.6500015259,20.126588598311987,0.38765697672432486,2.501164419223827,0.05029585798816568,7.0,402.66272189349115,81.4634170532,106.54232894593113,165.15593621405625,455-690
59.505101311842594,77.9000015259,24.559370293835123,0.39848069642874695,5.57645434943323,0.10989010989010989,7.0,427.1062271062271,79.2682952881,141.09678335849637,121.34898737362728,455-690
41.640410870664915,60.5999984741,18.848322155030772,0.4278082296860436,4.19115176392288,0.047619047619047616,7.8011204481792715,15.126050420168067,77.3170776367,176.56985905971771,94.58289686847927,455-690
60.19031112268266,71.5199966431,17.41898498372944,0.34296475311684893,1.7273696910950935,0.03759398496240601,8.0,72.18045112781955,75.3658599854,154.16458618161474,105.59510559493067,455-690
36.64743018281392,53.4799995422,13.505361941794535,0.5696669736204595,7.153524167014583,0.04736842105263158,3.639473684210526,1694.7368421052631,95.3658599854,189.378398542514,108.77178134032049,455-694
54.35208969549491,93.4300003052,24.064288174057133,0.4369563084740427,4.2279752868031935,0.043478260869565216,9.19855072463768,0.0,29.1463432312,178.6499217433295,35.239926648186554,455-702
86.95029863437463,114.129997253,29.175791435263207,0.2629060464769994,1.8601263515037243,0.0,9.152882205513784,0.0,26.9512233734,133.7778290970561,43.51591207561692,455-702
58.407651142333535,79.4499969482,22.207795848394582,0.25175586753878304,3.238130853210048,0.0273972602739726,9.365296803652969,0.0,21.7073192596,101.77909305602961,46.06821321833174,455-702
43.57019616464567,70.9799957275,26.333390154299313,0.5450545075314879,9.143999473351842,0.188,7.786,648.2,92.1951217651,45.260674511502486,439.9878374813139,455-719
16.362094906404476,30.5199985504,10.170436055030073,0.674152576481745,18.216168928146708,0.4262295081967213,8.434426229508198,233.87978142076503,90.2439041138,244.26962812178303,79.79986475789995,455-719
59.8047216323478,80.6500015259,15.186799688420939,0.4369896744260189,2.4789249298327145,0.011904761904761904,1.4273809523809524,2416.190476190476,82.3170776367,131.21263143023543,135.50897177899313,455-736
55.084556550402525,64.1500015259,28.473663534544333,0.1606577229925982,4.869404235575205,0.40725806451612906,1.6995967741935485,1773.1854838709678,80.1219558716,85.21404063883773,203.09261641065686,455-736
59.047894501297314,76.75,18.23004229788867,0.46149739894907205,1.0737579887462945,0.03684210526315789,2.0,1548.6842105263158,78.6585388184,178.73329237836361,95.0592033453256,455-736
49.40994707414124,66.0899963379,25.722537157365803,0.5319508203578921,5.069183344981522,0.2689393939393939,2.0,1231.060606060606,75.0,291.6473877847611,55.546528714173746,455-736
52.06240281692971,67.4499969482,16.188672858823097,0.45941368133427163,1.6982544897006218,0.045871559633027525,2.0,1163.7614678899083,73.2926864624,156.50751532690668,101.1530995352573,455-736
62.953160395815935,103.989997864,27.68630054374217,0.24039773976489262,2.086620827030653,0.0,-1.5428921568627452,0.0,61.707321167,183.947333841871,72.45976929206265,455-738
86.08381468546547,102.839996338,7.388645517975054,0.10969225583678795,1.3134043725401834,0.0,-1.6243961352657006,0.0,59.2682952881,142.49972868858083,89.83842916786887,455-738
42.79416542328494,74.7099990845,22.0706782676523,0.5079395040261543,5.076866996187094,0.0658682634730539,-1.6362275449101797,0.0,55.6097602844,102.46040480302557,117.23268363542229,455-738
49.47533542031775,67.9899978638,11.38962050390029,0.43696564603185684,0.878237742861324,0.0,-3.0,0.0,51.9512252808,87.61540771938881,128.076384653627,455-739
48.29792613203269,69.7900009155,23.128121818281418,0.6202764683341537,3.349752897970229,0.13522012578616352,-2.9779874213836477,0.0,50.2439041138,49.77287244414788,218.04414243439595,455-739
41.49331145031215,58.5299987793,15.108870653887314,0.2803561421667851,4.314110067217356,0.05934718100890208,-2.7373887240356085,0.0,50.1219558716,87.01522965847084,124.41893804979077,455-739
39.31010998847748,56.5399971008,14.959456256030943,0.41086591261777117,4.1951442053479,0.037333333333333336,-1.9493333333333334,3029.866666666667,67.9268341064,201.1808935939008,72.93036582588883,455-755
44.43474211900182,60.5099983215,15.169410234075414,0.41268985825610727,5.069610603728064,0.023166023166023165,-2.5,1269.111969111969,66.8292770386,152.3250226815569,94.76528272386967,455-755
56.08708978628468,64.4899978638,9.328151373803955,0.21101770149909493,1.4985749907051789,0.0,-3.5,1850.0,60.7317085266,120.85013884954198,108.54806760360886,455-757
46.31296518891529,66.5899963379,15.623097682177416,0.22996340611133298,2.1484308837261463,0.0,-3.3042813455657494,1790.8256880733945,58.5365867615,119.35412506279837,105.93603475230863,455-757
19.216415791153178,33.3899993896,11.514546207016943,0.6577677081302935,18.945966436283907,0.3107569721115538,-6.826693227091633,3337.6494023904384,52.5609779358,547.0536914707765,20.753303398080227,455-772
41.09915696947011,61.3899993896,24.20937911189096,0.3907910397531382,1.9338190316699895,0.2988929889298893,-7.014760147601476,3249.446494464945,51.0975646973,382.4950109032206,28.8554717316546,455-772
32.11197305823905,46.0799980164,12.963196616346911,0.7422216245482358,5.643972823000192,0.07317073170731707,-7.282012195121951,1982.1646341463415,48.5365867615,217.29372299498013,48.24760971455303,455-772
22.0978431637366,59.9799995422,18.947097641214377,0.32152499323596184,4.67705818396068,0.0,-7.952830188679245,1241.3746630727762,47.317073822,268.8801488905825,38.011314660909015,455-772
35.120626844616446,62.75,22.12029358043121,0.14379260292902035,10.247113858551467,0.17586206896551723,-8.08448275862069,1143.7931034482758,46.7073173523,293.0651657372189,34.42504168899777,455-772
20.768801341958664,56.6399993896,16.46262801903659,0.5173650674571338,10.546455987929178,0.2668918918918919,-8.594594594594595,1079.7297297297298,42.4390258789,234.03864564708772,39.16801673713868,455-772
40.011297882997894,62.0799980164,16.12184989188409,0.29230843861392003,3.3755423133758957,0.03508771929824561,-8.676691729323307,1087.468671679198,41.8292694092,128.5072797030556,70.30825190031914,455-772
37.916630471853125,50.5099983215,17.8953327312886,0.39706775184026954,3.2430077230945753,0.12962962962962962,-8.5,1052.469135802469,40.2439041138,126.39819428314397,68.7722110104545,455-772
32.592011565112074,51.6399993896,12.93080177083215,0.33624286633592476,4.128392313660681,0.07605633802816901,-8.025352112676057,921.9718309859155,39.3902435303,270.550641931826,31.448059194362358,455-772
18.62605533656522,45.0099983215,13.448209904678675,0.6147756052160948,15.592661368550703,0.18506493506493507,-7.9691558441558445,924.3506493506494,37.0731735229,290.9967450892492,27.5185396953165,455-772
13.526913324995803,28.8699989319,8.97496011230619,0.3104392466438592,31.33267091909058,0.2956521739130435,-7.5,871.9565217391304,35.6097564697,206.08207281989544,37.32351529760347,455-772
26.52874513803926,43.2999992371,14.54502475302046,0.6971106906214855,8.050427458198543,0.10060975609756098,-7.864329268292683,851.829268292683,34.8780517578,236.79002410986118,31.81577943583249,455-772
29.115839616652647,49.8400001526,12.646141391801129,0.5294012923388183,6.6390524024619095,0.034574468085106384,-8.0,862.1010638297872,33.0487823486,198.24245283750165,36.009123601537674,455-772
37.83902521876571,56.4300003052,13.520265617641327,0.2636104526064246,3.437003351827011,0.0,-8.0,778.2467532467532,31.4634151459,148.1956233389817,45.85896343219969,455-772
24.842505891191863,36.3699989319,6.977485170887758,0.232208458217342,5.253418285009863,0.0,-7.0,3154.392764857881,97.8048858643,390.151183540666,54.14786943607162,455-775
35.75563753665564,50.75,11.691717010890468,0.32005419972523624,2.4531611241575195,0.015706806282722512,-7.507853403141361,3250.0,78.5365905762,236.14773694979903,71.83597769588381,455-778
33.71410072222223,44.9500007629,14.464413608144413,0.3839666531184417,4.926825858188043,0.12627986348122866,-8.977815699658702,3281.569965870307,76.5853729248,290.9736638337264,56.8520199862823,455-778
38.96986329825207,49.1899986267,15.661370894333153,0.5030442893604942,3.1416586865425846,0.14007782101167315,-4.889105058365759,2144.3579766536964,58.6585426331,217.25653253747475,58.31928301886204,455-780
29.724153785143567,45.1100006104,14.537739467845116,0.7741428511896592,8.585111594781806,0.1365079365079365,0.7380952380952381,1515.873015873016,89.634147644,228.8097465570527,84.6160453496085,455-787
59.999332052869335,72.1100006104,29.49267324889953,0.3117699707363431,3.606036365131697,0.24496644295302014,-1.6191275167785235,2096.979865771812,63.4146347046,208.4118260388845,65.7235309364737,455-792
55.81931611270595,68.2900009155,27.63800034746946,0.5564235310964244,3.064627075184599,0.2518248175182482,-2.0,1780.109489051095,61.5853691101,202.1288516056851,65.81168211321027,455-792
38.56827842035688,63.6699981689,24.430629506441356,1.3086444879461918,4.87157786272589,0.33093525179856115,-2.0,1678.0575539568345,59.8780517578,382.26261035289167,33.834486631441386,455-792
57.157412298794426,76.5599975586,23.343454483357803,0.300461413880586,3.364950929091892,0.07446808510638298,0.7367021276595744,3227.925531914894,49.5121994019,210.39554522269336,50.83109083650347,455-795
37.165590622095,54.2599983215,21.338841748819465,0.6893849554560052,3.613938202509574,0.30337078651685395,0.5,1457.8651685393259,45.3658561707,338.40983674609004,28.95608776355824,455-795
38.785508672246756,70.2699966431,18.96062755914468,0.4951578296337574,5.520722587991825,0.12251655629139073,5.177152317880795,0.0,90.0000076294,130.90250652331684,148.50748212745395,455-799
52.96370871822728,66.6800003052,8.900595750187899,0.16814301380230437,1.830991602175712,0.0,5.5,0.0,88.4146347046,78.9135173605621,242.00620799774185,455-799
53.812363862379435,76.4700012207,17.063886786230373,0.25884211774117205,2.4701890294528783,0.015189873417721518,5.073417721518988,0.0,86.341468811,69.46039951385366,268.4948171001574,455-799
37.920302237722225,60.0,21.15693633085142,0.4366496106707921,6.326617774469511,0.11607142857142858,0.23511904761904762,1297.172619047619,30.0000038147,148.14722373978887,43.74027849051635,455-803
31.642448261487008,47.9599990845,18.26358914195733,1.0535250285603257,15.84214899518304,0.3130841121495327,0.5,1140.6542056074766,28.5365886688,148.06369797265347,41.6300770334619,455-803
58.51156709240781,72.3799972534,24.90752277138269,0.42034535284733926,2.732435408827181,0.15841584158415842,0.18646864686468648,1537.953795379538,77.3170776367,224.8294752533947,74.28069095791318,455-808
47.57686835164026,68.4700012207,27.029098614377233,0.44820950252124897,9.063487423981677,0.1986062717770035,0.0,1178.2229965156794,74.6341552734,163.5186359861714,98.5880137871119,455-808
30.15776043863567,49.6800003052,17.79976606851618,0.5055780991257303,10.17949103408801,0.27956989247311825,2.5519713261648747,2424.5519713261647,100.0,246.78149947379492,87.52682047097151,455-816
36.84140549600203,55.0599975586,15.882698862296493,0.632129615884599,4.188262220883104,0.096045197740113,1.3276836158192091,1787.8531073446327,100.0,213.51314112750973,101.16473340205563,455-816
38.61041456840421,54.2299995422,14.972991582592355,0.47952986005392656,3.8537348737963057,0.042440318302387266,1.0,1559.4164456233423,100.0,152.65131255859052,141.49894709689772,455-816
31.97515834430799,49.2299995422,14.74035699226152,0.47859369404662694,6.12588237519791,0.1398176291793313,1.0,1315.6534954407296,99.6341552734,183.30143591157108,117.40757748038932,455-816
41.905365604376726,58.0299987793,11.782225254565414,0.37466327067702726,1.1359389620727784,0.015463917525773196,1.0,1150.0,98.414642334,142.05977728895283,149.63815338739855,455-816
30.978229429868673,43.0200004578,16.586486730375597,0.6968165862786495,1.8206139140777842,0.46190476190476193,1.0,1196.904761904762,97.5609741211,307.193684945834,68.59897010536962,455-816
32.325999293859375,55.3499984741,18.65982041278845,0.5453322112287169,7.657449978907416,0.20774647887323944,1.0,752.6408450704225,95.4878082275,233.39351596159756,88.37163488523686,455-816
58.51375187577223,68.9700012207,9.638193127987236,0.19967330020808918,1.7402815808920515,0.0,0.922879177377892,694.8586118251928,94.5121994019,165.52595446840323,123.33192783194185,455-816
56.029299035593915,68.9099960327,15.754033874673414,0.421811369619496,1.48495749977316,0.01278772378516624,0.5,781.841432225064,90.9756088257,141.18532435876713,139.1839526919708,455-816
52.9593711637521,73.1800003052,16.603095739564576,0.22204009825558277,3.432862854088323,0.0,0.5,714.6443514644351,89.0243911743,107.63309600241037,178.65572215090958,455-816
42.74657467061957,69.189994812,18.31111701768736,0.3058979227585831,1.3824343053348587,0.08333333333333333,-11.98611111111111,3113.8888888888887,100.0,214.38367831802736,100.75393877680133,455-825
35.96329579685242,50.3299980164,14.317747711128632,0.41937092579695895,3.6807028643250392,0.0777027027027027,-14.572635135135135,3250.0,100.0,284.7261973625585,75.86235548426006,455-825
47.8652412183367,67.5499954224,19.72028308529256,0.47032552206046496,5.506994750367441,0.09090909090909091,-9.825068870523417,2969.9724517906334,100.0,210.54453120105396,102.59112348719069,455-869
32.11404896176318,53.0599975586,17.899329504845618,0.9182227074566447,11.373199982101335,0.22186495176848875,-11.0,2933.7620578778137,99.5121994019,425.3576503329658,50.533086812908174,455-869
51.0662058280574,70.7799987793,13.142330288230859,0.41678766040733534,2.960447440963458,0.0,-11.158866995073891,3083.743842364532,97.8048858643,204.87140754949544,103.11763656714736,455-869
38.18363549492277,51.4300003052,16.831573706118238,0.41449303239177837,2.6586975945706857,0.1245674740484429,-8.5,3564.878892733564,45.1219520569,223.5376507433585,43.60044767348872,455-876
31.175925121686866,51.1199989319,11.629513199996488,0.3072176939666248,3.619651284032364,0.04878048780487805,-8.5,3565.7181571815718,43.4146385193,311.0108795478486,30.151877432075732,455-876
22.455224821156968,40.6399993896,11.946669238750312,0.426085898714185,9.22669033084057,0.09264305177111716,-8.5,2934.877384196185,40.6097564697,258.432355024931,33.941986082234145,455-876
33.5238029108477,57.0499992371,17.375325748525235,0.4107447850346894,4.779686389932275,0.09944751381215469,-8.5,2059.1160220994475,39.0243911743,285.8994524327659,29.48333206630078,455-876
35.82459720538221,54.25,17.103941666733096,0.33767310774826725,5.482582939137686,0.11396011396011396,-8.955840455840455,1680.6267806267806,36.2195129395,191.02719837116123,40.954454976255754,455-876
30.625398075653376,46.0099983215,12.716342314569445,0.5476702745974499,3.6573082399169183,0.0893854748603352,-14.84217877094972,3750.0,62.3170776367,388.2744958352095,34.66745540567276,455-887
27.97320456688106,39.1800003052,12.50835437691749,0.3491839832484966,2.7729794667252814,0.10086455331412104,-14.0,3750.0,55.2439041138,324.6620632596475,36.75416575862045,455-887
35.82036408537939,47.2299995422,14.167120166466471,0.3166522335033432,3.3832244805526908,0.0886426592797784,-14.0,3750.0,52.8048782349,299.43136939717334,38.09171270766019,455-887
23.454981501782854,47.1899986267,12.689207173677872,0.2336972271895409,10.508964603224692,0.1580547112462006,-14.446808510638299,3762.158054711246,50.2439041138,397.36740594112393,27.31145817779728,455-887
27.490070454620145,38.0900001526,8.860659574311162,0.7094727637081746,5.573795973122987,0.020833333333333332,-15.11111111111111,3755.2083333333335,48.1707344055,347.3656282712976,29.953679307215843,455-887
49.40514281327914,63.4199981689,21.559967164476518,0.2912065326021348,1.8689166841678697,0.16265060240963855,-1.0,2441.7168674698796,86.4634170532,187.11096999942166,99.81295101804521,455-896
46.74104066028035,57.8099975586,18.046386278803794,0.36941072822780563,3.1282388999517736,0.1165644171779141,-1.0,2127.3006134969323,84.1463470459,163.76205033058693,110.98792989720904,455-896
57.208734608764615,64.9099960327,7.822467283187356,0.29993100659707966,0.35273680389759593,0.0,-0.11938202247191011,2269.1011235955057,100.0,193.78634517856491,111.46296185160325,455-900
56.67870094939865,70.8099975586,17.04651743321087,0.41803606566012635,2.44082207479975,0.01256281407035176,0.5,2084.2964824120604,95.4878082275,116.21641124764842,177.47378666846714,455-901
34.73101512590991,62.6599998474,18.70290318625248,0.5818001377750326,3.6685479039907447,0.09742120343839542,-9.772206303724928,3024.3553008595986,100.0,247.9271253539766,87.12237504936468,455-912
36.654263215623146,52.6599998474,16.2745750743075,0.6531253863473762,5.495833718934276,0.12053571428571429,-9.917410714285714,3000.0,99.5121994019,198.47397476085985,108.29951431521016,455-912
41.92415500616,55.4599990845,21.080362372979838,0.39470936760394654,3.88289822235673,0.24262295081967214,-6.2081967213114755,3070.4918032786886,83.6585388184,283.35054957295483,63.77345804343258,455-915
37.00449143482969,54.8099975586,16.134561284569596,0.4051788570299709,4.272653668375456,0.0947075208913649,-7.598885793871866,3034.8189415041784,81.5853729248,230.76848496690113,76.3641558520626,455-915
24.12535297268389,41.5900001526,14.672463874215754,0.866460348677678,9.335170335892014,0.3125,-1.5555555555555556,2881.9444444444443,72.3170776367,467.6099115663531,33.404956531402945,455-916
45.13723083809034,73.9899978638,29.223023720861093,0.8223535993690355,5.274857757584822,0.3516483516483517,-1.835164835164835,2666.6666666666665,70.3658599854,282.3212828036737,53.83591915532563,455-916
44.1314720737819,63.4300003052,22.80678656395708,0.5343903028655527,3.1916249254100197,0.19122257053291536,-2.0,2333.8557993730406,68.4146347046,203.54135757148234,72.6022527927958,455-916
16.649422653213144,44.5399971008,10.823037189082209,0.45409684977638454,12.244059433505074,0.22,2.72,1556.0,78.1707305908,397.78709928629246,42.44702213296399,455-936
46.14509192608761,61.3199996948,17.695919540505805,0.19721626832273187,3.551062281031337,0.09803921568627451,3.887955182072829,1687.5350140056023,74.2682952881,138.41096681594607,115.90087224491114,455-937
38.34515631874125,56.2299995422,19.771212140940513,0.3977959445030483,3.483973911919293,0.14054054054054055,4.0,1064.3243243243244,71.8292694092,200.94343055999732,77.211393023146,455-937
36.74494839198647,63.8199996948,13.377411115025424,0.514824320784154,5.662817335509462,0.010050251256281407,4.993718592964824,279.8994974874372,53.2926864624,129.11832040354608,89.1524939288341,455-941
57.88295785261526,72.2399978638,12.035259042545425,0.34054574766614976,0.4245459977549342,0.0,5.0,399.48979591836735,50.8536605835,157.98671817585955,69.52730465486954,455-941
60.75885233530097,71.4899978638,10.589388131664162,0.16244848775359239,1.595511133177335,0.0,-0.5,2395.3658536585367,80.7317123413,148.71840328186227,117.25549414803021,455-956
52.87520371108574,67.4499969482,25.44950699922789,0.46206463449405594,2.489313178458083,0.20261437908496732,-0.22712418300653595,1995.0980392156862,76.4634246826,170.87954522000345,96.6534625907244,455-956
57.775999039101436,71.5400009155,24.87612484979481,0.257256168426568,0.7842938732120441,0.13636363636363635,0.0,1581.6666666666667,74.8780517578,154.95444242162637,104.37686669012534,455-956
44.05259589354228,61.0499992371,21.385539474097733,0.4094534963020231,7.113477439458719,0.17041800643086816,0.3327974276527331,1160.1286173633441,71.341468811,176.26953993708764,87.42155490208856,455-956
53.411132473697684,65.9000015259,25.39132090440153,0.3664070396844627,1.0395534621779494,0.17391304347826086,0.0903010033444816,1174.4147157190635,69.2682952881,222.12806728147802,67.35732213106593,455-956
56.85999853951905,69.4300003052,13.16146706820422,0.2840107459832278,2.0859180527364862,0.0,-2.8857142857142857,2294.0476190476193,49.1463432312,109.30811592232043,97.11639477422847,455-960
64.6977590992836,77.6800003052,16.25976160437617,0.271759511266417,1.5579298219928164,0.015037593984962405,0.0,2546.1152882205515,86.9512252808,156.04952225141423,120.35579724745098,455-970
60.11775862453897,78.0,17.98006928165218,0.2771403244700948,2.8603441714434066,0.024,0.3586666666666667,1786.9333333333334,84.5121994019,143.2898497807034,127.3965678570257,455-970
12.198252118904856,26.2999992371,7.924998879099227,0.48125882511635365,22.18810559652392,0.27208480565371024,0.6731448763250883,1677.9151943462898,80.0,451.29353015812006,38.28993514253482,455-970
10.196153618740617,20.6899986267,6.539037593503656,0.24890268784359124,34.8444917835909,0.43478260869565216,1.0,1206.7391304347825,79.1463470459,591.6058285383817,28.89696168841123,455-970
41.01131397300083,61.3799972534,20.91516957434325,0.4331735641193794,6.865343670977621,0.12424242424242424,1.0,996.060606060606,77.3170776367,195.65400302821732,85.3572557220751,455-970
57.624278172652396,70.1199951172,27.11660285216538,0.45655846238162284,0.35952813562570696,0.19081272084805653,1.0,770.4946996466431,75.1219482422,205.12852119135079,79.10328961606818,455-970
39.61462814447116,51.9899978638,14.54868242012607,0.20657942738595195,4.107321180739522,0.05865921787709497,6.79608938547486,628.072625698324,72.5609741211,125.37185754444828,125.01346567829998,455-982
37.35720189301164,57.7399978638,20.124287640602684,0.5097440531433742,4.036788009046167,0.12804878048780488,2.6570121951219514,1998.0182926829268,68.6585388184,216.59979078192043,68.46841509512797,455-983
40.325706904338084,53.1899986267,13.313731239358647,0.3760196764407791,3.798024805097664,0.043668122270742356,1.9934497816593886,1774.4541484716158,67.3170776367,158.85527382479236,91.53293069491964,455-983
42.16190636157593,68.8699951172,18.629785360859813,0.5113380822621084,4.0494596769704465,0.020202020202020204,5.271464646464646,353.15656565656565,56.9512214661,136.13503206278116,90.36222087937331,455-986
52.54415323102721,65.3899993896,19.47190465102644,0.4238133962085895,4.497826648377041,0.09333333333333334,5.793333333333333,444.0,55.1219520569,145.4480500067405,81.85975435035826,455-986
49.22481769755275,67.2600021362,22.876190001967327,0.45403595594263235,3.6219228051514336,0.10967741935483871,7.069354838709677,543.3870967741935,50.0,89.54663234877185,120.60755068862312,455-989
49.61611163803166,65.6100006104,20.162702239947635,0.41246125165166203,5.587045139236391,0.06451612903225806,7.309384164222874,170.23460410557186,48.2926864624,149.48798155175234,69.77965832167678,455-989
26.516666066909732,45.2899971008,14.73171270261933,0.5033013393363448,10.407871809434418,0.23728813559322035,2.7457627118644066,1898.8135593220338,96.2195129395,241.97062924576755,85.89230378792155,455-1001
24.311693764918513,41.0400009155,13.465038697160468,0.7576519640098942,6.28400276945638,0.19333333333333333,-0.57,1561.0,95.2439041138,348.0474127936005,59.10885279523925,455-1001
30.473581149026465,53.9399986267,12.078646796780312,0.4554506893595175,4.811021775990172,0.0,-1.7223557692307692,1406.7307692307693,94.1463470459,249.4423647121133,81.5242871249403,455-1001
46.954832795164656,62.4300003052,19.658759134830866,0.22603133251527147,3.388645721571823,0.0856353591160221,-2.2209944751381214,1330.524861878453,93.1707382202,153.96257101451405,130.7128045664165,455-1001
8.560484885278544,14.3699998856,4.204117111112203,0.14692134309563593,13.154017939891183,0.18042813455657492,-2.0,1481.039755351682,91.2195205688,520.6703717715312,37.84239993495655,455-1001
31.086602227378087,49.1199989319,16.243789663031333,0.5703405231169956,7.738925798473886,0.1786833855799373,-2.0,1753.1347962382445,90.4878158569,254.8977254390823,76.67925710761794,455-1001
33.58789554151492,48.469997406,14.75408264602563,0.42693193767776133,5.426719720863594,0.10434782608695652,-2.0,1772.463768115942,89.5121994019,130.95608516195452,147.64212786980528,455-1001
31.8382271835159,43.8999977112,15.43005362283465,0.31958284334684345,8.681227012524795,0.22039473684210525,-2.0,1750.0,88.048789978,422.40747012906513,45.024153170011296,455-1001
18.867396793950483,31.5199985504,11.657616098351415,0.5707462669894813,12.016824702219736,0.41832669322709165,-2.3446215139442232,2027.2908366533864,86.341468811,540.3890256039529,34.51172466415753,455-1001
38.7879384893364,57.8600006104,16.661976968949286,0.27586573174345574,2.429490447327158,0.046242774566473986,-2.5,1630.4913294797689,85.0000076294,244.16842319355345,75.19400505525788,455-1001
42.75987524797395,58.0599975586,11.482022622237587,0.38801339647032956,2.9271590614597285,0.0,-2.5,983.539603960396,83.0487823486,166.65916439690747,107.6360670126489,455-1001
46.6793205774001,58.5799980164,11.310175617225893,0.11791898097653096,3.2847194281796632,0.0,-2.5,983.7939698492462,80.6097564697,129.34751786435373,134.61184014149228,455-1001
43.5282813581184,53.9799995422,23.078831743768326,0.13463010376805265,5.331285891219651,0.38257575757575757,-2.5,1500.0,78.6585388184,149.890025609054,113.3514009070135,455-1001
33.34313217457408,65.9700012207,17.465478122641763,0.4209392818982911,2.8981810009279028,0.04897959183673469,-2.0081632653061225,1617.3469387755101,77.8048858643,230.38655994569837,72.94633571789042,455-1001
38.80420954033392,64.9199981689,23.805714040544654,0.508788224658125,6.214415421506878,0.2842465753424658,-3.643835616438356,3029.109589041096,35.3658561707,237.17020719605873,32.20904102240943,455-1006
30.509853697517865,59.5499992371,20.189907101812235,0.5087940012702736,7.923965852596983,0.2589928057553957,-4.210431654676259,1043.8848920863309,29.7560997009,205.4281988776254,31.287416092389464,455-1006
44.23205106809632,60.5099983215,19.28800940893539,0.2997131650730108,4.80952187592835,0.09970674486803519,-4.043988269794721,1462.1700879765397,28.4146347046,151.75402954656218,40.44413920692916,455-1006
36.11547957111495,60.5299987793,13.134222781157945,0.38623214047776844,3.529656956877678,0.0,-4.133451957295374,1565.8362989323844,27.1951217651,131.63106326454187,44.625836452116154,455-1006
54.630233970341266,70.8199996948,25.095989250598027,0.39505613027250014,3.158729063132803,0.1930379746835443,-5.200949367088608,2106.9620253164558,81.341468811,224.08272142114237,78.4074611007392,455-1009
50.47260892997783,65.1599960327,22.3315715646991,0.6069989892639847,3.973520348888603,0.13994169096209913,-5.368804664723032,1756.7055393586006,79.0243988037,168.15786728834036,101.50741334231192,455-1009
24.551381992303316,43.9099998474,15.84171163729692,0.3245111072792413,9.111613093248234,0.2517241379310345,-9.467241379310344,3125.862068965517,100.0,353.22669311789997,61.150531431638875,455-1034
42.03873053592705,50.6199989319,17.58683737765101,0.5232074790646941,0.796372889959525,0.17027863777089783,-9.5,3000.0,99.1463470459,267.84090005259293,79.95646280201888,455-1034
34.66619996096708,46.3899993896,12.595358444277462,0.40179539636212425,5.21115615521551,0.08356545961002786,-9.470752089136491,2986.0724233983287,97.6829299927,250.92175308792926,84.08801795286915,455-1034
35.71888817274065,45.0,17.24249720921026,0.4051613513721046,6.508621450276337,0.22772277227722773,-9.110561056105611,2750.0,94.8780517578,137.01366103222756,149.57383829678415,455-1034
25.226999379610263,38.1399993896,10.011621739808646,0.3850996478271284,7.191968360692017,0.07103825136612021,-9.5,2685.1092896174864,94.1463470459,403.79205426922516,50.361592673529415,455-1034
24.8023110765913,43.2599983215,14.605652138491942,0.36056467889195765,4.894615923573757,0.2968197879858657,-9.5,2528.2685512367493,91.4634170532,299.34124065876034,65.99858422452566,455-1034
46.28120111748568,59.0,10.104992445279867,0.17230375392955313,2.181577200507601,0.002551020408163265,-9.5,2501.9132653061224,90.4878158569,238.37599575924358,81.99386084507832,455-1034
46.26956737585859,59.5,12.429844736263924,0.2332274592569958,0.7888711280440781,0.0,-9.993654822335026,2253.807106598985,87.8048782349,188.81266377233604,100.44799601793018,455-1034
44.33011159628488,60.8400001526,21.142049854973138,0.21259062906264592,2.9355281903008112,0.05585106382978723,-10.0,2108.377659574468,85.365852356,116.11432340521377,158.80059899714365,455-1034
43.699119150158644,62.5799980164,23.562707564259707,0.5836116221054874,5.74098359395027,0.2260061919504644,-9.574303405572756,1916.40866873065,82.4390258789,246.99774264666203,72.09308635389282,455-1034
53.34420663288927,70.1800003052,22.177963912601392,0.1305780996790128,2.475079249161094,0.0,-7.21948051948052,2976.6233766233768,76.4634246826,151.65499068451544,108.90574492071734,455-1035
56.10407741298169,69.5499954224,15.646163811159642,0.3252036123850905,2.0271072783345883,0.014527845036319613,-7.676755447941889,2750.0,72.5609741211,216.5909296589969,72.36300446576229,455-1035
55.323674176928165,73.3399963379,13.041569407647009,0.29471025705770126,2.3325755058056212,0.0,-7.5,2495.2267303102626,68.9024429321,144.85569070661055,102.74313422368301,455-1035
53.90837015779492,68.0400009155,21.74987490470795,0.5416256408416955,4.2337250662186365,0.11014492753623188,-7.5,2275.3623188405795,64.7561035156,195.6116740003326,71.5055398960791,455-1035
35.63949586321101,59.1599998474,19.58824103107391,0.4027824844725263,5.289380676129774,0.12094395280235988,-9.67551622418879,3344.395280235988,69.2682952881,278.4498013601072,53.73303090591884,455-1049
45.334777289427436,57.3600006104,21.7303176233905,0.9803443373435355,3.16561731329296,0.20078740157480315,-9.344488188976378,2425.196850393701,66.4634170532,251.39639380802993,57.10542568265213,455-1049
33.68986269231665,56.9899978638,15.658264941529668,0.30038628421554964,6.447117587675846,0.05177993527508091,-9.0,0.0,65.0,150.807196021755,93.09900568653654,455-1049
43.5376215952786,60.6099967957,18.39312774370531,0.5063769709374535,4.048536638677736,0.12251655629139073,-9.0,589.4039735099337,64.0243911743,134.76041221646594,102.62115013001606,455-1049
25.968449343299483,39.8499984741,10.953960696203445,0.677045230429439,5.190225586605459,0.06267806267806268,-8.518518518518519,3510.6837606837607,62.4390258789,461.38283173086825,29.231320851811574,455-1049
35.68593410165781,52.3499984741,18.538434390167165,0.5317970987948213,7.065306706267198,0.19607843137254902,-8.5,3540.849673202614,59.5121955872,246.51142170365245,52.14620141329029,455-1049
38.36275371245966,56.469997406,18.428838344355135,0.5684386953120428,7.678654931779735,0.13398692810457516,-8.5,3649.5098039215686,57.682926178,291.3283652546892,42.76793316557236,455-1049
39.039877749933815,56.0599975586,17.48631476075515,0.823098251765885,4.253375964546992,0.08333333333333333,-1.1736111111111112,1447.638888888889,61.0975646973,165.393812414685,79.79182402258392,455-1064
24.886760797015622,50.5699996948,15.440074309971926,0.6128325240491347,8.051609964887508,0.14563106796116504,-1.0,1099.2718446601941,59.1463432312,258.4616480350616,49.42942303070869,455-1064
43.10221272752619,64.0699996948,24.85532483613935,0.9703578834691192,7.928298809457993,0.47808764940239046,-4.9063745019920315,1811.7529880478087,95.8536605835,259.640316429397,79.74258763340426,455-1067
42.83111495725735,66.8899993896,22.843118235524745,0.723596856134833,5.567869467423258,0.11742424242424243,-5.090909090909091,1340.1515151515152,93.1707382202,240.73602913209515,83.59728923052229,455-1067
53.97877324328853,70.9099960327,22.410684211339163,0.6325568098694136,5.5538970538765655,0.12446351931330472,-1.0,1232.618025751073,58.7804908752,89.52135974737423,141.8274483863121,455-1070
28.938076235694307,41.6399993896,12.296008193285653,0.4664231780702965,5.010974613587656,0.0812720848056537,6.927561837455831,410.42402826855124,99.5121994019,250.70108962854476,85.73809991276171,455-1073
38.81765877819986,64.9899978638,15.933967643848915,0.5131772304489054,2.750414614098812,0.013123359580052493,6.5,450.0,98.0487823486,191.9940558382014,110.30829519610403,455-1073
52.744573003761076,65.2200012207,10.793633843024928,0.206086568252827,3.9714323287673046,0.0,6.5,450.0,95.7317123413,140.14421770057427,147.54836271518937,455-1073
53.87505864753765,65.8199996948,13.461717998333405,0.18365068032832038,3.201860234916129,0.00477326968973747,6.029832935560859,450.0,93.5365905762,80.66858320984431,250.45566390948633,455-1073
42.26139013211613,67.689994812,21.17113535756197,0.5633386035162922,4.84396638489214,0.11036789297658862,6.473244147157191,191.30434782608697,92.0731735229,120.12093264684071,165.56486070098347,455-1073
30.059132990878542,69.689994812,22.40918784860863,0.2770748744054158,11.795102231509826,0.19365079365079366,6.928571428571429,1167.936507936508,75.8536682129,143.87087556236702,113.88262057864436,455-1075
48.83805801495915,67.8799972534,24.681368371583808,0.32086210778447244,3.9307621147964973,0.19932432432432431,7.5,891.8918918918919,73.6585388184,154.99369497937556,102.65091355420307,455-1075
43.5965719857202,59.6399993896,12.433806027001847,0.259450161914134,6.991014485475256,0.012626262626262626,6.606060606060606,426.5151515151515,69.3902511597,139.5521316729549,107.4028326963917,455-1076
38.54185114588656,58.25,16.732284812582435,0.6399934395437457,5.296240847931133,0.10849056603773585,6.5,882.0754716981132,67.1951217651,187.87267823266586,77.25522645334807,455-1076
52.620067698381,69.0499954224,21.275115684578626,0.3804248824915235,3.998045754378222,0.07643312101910828,13.67356687898089,120.38216560509554,68.9024429321,193.9988260413335,76.7165862651284,455-1083
46.047332477571246,68.8600006104,23.51456428021996,0.5123140557738035,10.485322296648253,0.16974169741697417,14.455719557195572,95.01845018450184,67.8048782349,157.61289132486374,92.92294288638553,455-1083
53.84720455898809,70.6599960327,30.222646775883465,0.545415899670682,6.408189834092145,0.44715447154471544,3.0,2294.1056910569105,95.8536605835,287.46574200783164,72.0238541866736,455-1100
41.54911551800743,70.6199951172,22.85927529129607,0.5412648478937103,4.070227668146472,0.10752688172043011,5.127240143369176,400.0,93.9024429321,79.44540613637554,255.3064885654438,455-1108
48.750645235014446,61.7899971008,7.552970545439068,0.17747870777748304,2.2486508664703626,0.0,4.720532319391635,376.2357414448669,92.0731735229,117.7831887463862,168.8509683989736,455-1108
56.64170012730937,74.5299987793,26.485905255662622,0.5315608916191709,4.2156546009685405,0.12363636363636364,5.012727272727273,53.81818181818182,80.9756164551,193.96437389907484,90.17497802664795,455-1110
58.441220657912176,79.6800003052,24.693565543121817,0.4552010989494953,4.280691369315083,0.09395973154362416,5.0,37.58389261744966,79.5121994019,135.12555980056135,127.10130560168864,455-1110
62.59014487963714,78.5800018311,21.25858131462439,0.3915157528088658,2.7105262599420947,0.05,5.0,237.22222222222223,77.8048858643,125.38793012215659,134.03088583020747,455-1110
53.79238524829787,78.3499984741,24.468278415510046,0.39797446729437497,5.215823418446233,0.053763440860215055,5.020161290322581,380.7795698924731,75.2439117432,155.39746822038006,104.58783609963405,455-1110
70.26902150796876,89.5,24.32250439876273,0.4588971873358359,1.106652164216715,0.0668693009118541,4.518237082066869,440.4255319148936,68.2926864624,123.59024321900725,119.3558641173527,455-1111
67.62376747249891,88.7299957275,23.913556829767504,0.23285786055847918,2.6192654574656498,0.06686046511627906,4.5,400.0,67.1951217651,153.29277401843143,94.68252103987932,455-1111
52.640730541256,75.4000015259,20.10442586115176,0.532564691724267,4.3607752483269895,0.02894736842105263,4.5,361.57894736842104,65.2439041138,142.8631948309993,98.64460405811174,455-1111
56.746554667853204,72.0299987793,20.76079804553809,0.39788033061372546,1.4151587269939199,0.05157593123209169,4.054441260744985,664.3266475644699,58.0487861633,155.75801759181323,80.5001116804907,455-1113
56.72010361804399,74.0999984741,16.205624226906966,0.4184643562515405,3.3187490816257026,0.012953367875647668,8.803108808290155,164.3782383419689,73.1707305908,136.30596514399062,115.951475718006,455-1117
44.16467730204211,67.4000015259,23.10156493288774,0.7882009541847055,6.255721681633618,0.11855670103092783,6.984536082474227,313.91752577319585,71.5853729248,170.17603611244098,90.86144503648121,455-1117
49.96575965483692,79.5999984741,23.264778673861592,0.6996240464305984,6.944133595741037,0.12101910828025478,14.315286624203821,0.0,86.2195205688,103.42796903429048,180.06170494062778,455-1139
50.03126200123508,69.2600021362,17.802612531359564,0.41925987856674257,4.217729374846843,0.015544041450777202,14.99740932642487,0.0,83.6585388184,83.57629300346443,216.2125614260655,455-1139
28.742672605091784,51.4799995422,18.47905970726133,0.49332879936403906,4.106629317893116,0.2937062937062937,5.463286713286713,689.1608391608391,100.0,224.26108663920715,96.31630847642434,455-1149
34.927759312685296,51.4499969482,16.058515443236523,0.5919831877122785,5.7976899348225475,0.08908045977011494,3.7083333333333335,1471.83908045977,100.0,162.43844680561432,132.97344578681015,455-1149
48.95958190588869,66.689994812,25.569553936730802,0.8634947107477148,6.297870175927989,0.19617224880382775,-0.7105263157894737,1616.0287081339713,75.2439117432,164.2972993814571,98.9224107621912,455-1154
33.82506932063473,58.3099975586,14.538950896770839,0.7092272197061561,6.5698507688478305,0.027247956403269755,4.786103542234333,290.05449591280654,56.3414649963,137.4601201910871,88.53299722336403,455-1160
40.906795844396434,64.7399978638,17.390860812670525,0.8309116976963113,5.94350251481755,0.04774535809018567,2.0,1555.9681697612732,100.0,204.04003756313523,105.8615762767462,455-1168
7.947101375334783,14.1199998856,4.5998703218040164,0.2572805139120284,34.77726942877091,0.49635036496350365,2.375912408759124,400.0,68.1707382202,558.134309043825,26.382322707932637,455-1175
51.26863815588475,79.5599975586,21.930877281500774,0.32050965311856333,5.453820978252899,0.056716417910447764,2.825373134328358,266.2686567164179,58.7804908752,89.28594230059787,142.2014003760834,455-1179
52.980371957985646,65.5999984741,21.920491743759104,0.5959576640591495,3.544090764255293,0.1299638989169675,3.0,333.57400722021663,56.9512214661,176.11150346160667,69.85042768293322,455-1179
47.040795022510736,61.6800003052,19.832818808085,0.2917402756198915,4.233240633576671,0.07917888563049853,3.0,361.7302052785924,55.9756126404,66.16168088658857,182.74524117746947,455-1179
41.513946366491844,70.6599960327,24.70418354452855,0.4952474085479862,5.947981968429216,0.11036789297658862,3.0,243.64548494983276,55.6097602844,95.94126846011181,125.19855547276136,455-1179
33.928021910500114,60.2799987793,17.64514583000626,0.47433104172331614,5.9289349622000564,0.053475935828877004,4.276737967914438,203.87700534759358,54.1463432312,136.9536714214006,85.3982957634798,455-1179
26.684376565588718,42.8999977112,11.832027104270603,0.5083523201253619,6.261900758699222,0.06020066889632107,4.217391304347826,1785.284280936455,100.0,133.98079754139198,161.2171325769792,455-1184
35.892463699902656,56.1199989319,19.826845207868146,0.6623915342103824,3.1604144968075834,0.156,4.5,126.4,99.3902435303,277.1113965014813,77.4717058684017,455-1184
40.649107428872234,63.0699996948,23.70090418514504,0.2618367818497498,6.144284779468564,0.40076335877862596,-1.7404580152671756,2862.977099236641,84.2682952881,262.6204347265167,69.30896981106763,455-1197
34.31113771512034,56.719997406,16.588816952617233,0.608347711447359,4.792112387446032,0.09217877094972067,-3.583798882681564,2098.3240223463686,82.6829299927,222.74524171481224,80.17909940940196,455-1197
39.55772647764857,58.3999977112,22.426764587900696,0.4208620513270124,6.2191445757206,0.3765182186234818,-4.0951417004048585,2036.4372469635628,80.8536605835,274.2411038347865,63.68261519453783,455-1197
37.101797783978746,50.7799987793,17.566314876727862,0.6616234003013997,4.237545836975621,0.14461538461538462,-4.0,1781.5384615384614,79.0243988037,179.93252072405505,94.86484195803976,455-1197
32.53522566807259,49.0,17.437255967443914,0.9232462107135677,9.315864367568977,0.18729096989966554,-4.0,1405.0167224080267,76.8292694092,276.54481504038904,60.008798899243516,455-1197
38.94755936563628,57.9799995422,12.983087917488865,0.30509332999982414,2.830965823945791,0.02610966057441253,-4.0,1150.0,74.6341552734,160.82691964769546,100.23805451455964,455-1197
30.568173877769212,50.5599975586,18.753351401667512,0.26162039570881623,9.259966200292206,0.44493392070484583,-4.220264317180617,1154.1850220264316,72.4390258789,327.0896905742036,47.83651102660712,455-1197
31.495855496355034,56.3299980164,17.1393391352294,0.560708104111237,4.038758972471611,0.12312312312312312,-4.5,1184.2342342342342,71.0975646973,246.27140122481617,62.3583327103322,455-1197
57.702172505105075,71.1699981689,11.400332943543065,0.23954250966351578,1.9561455616262462,0.0,-4.5,1185.6280193236714,70.4878082275,186.72100552004932,81.54072721885146,455-1197
59.901637872436574,70.5899963379,9.282652598330863,0.27966560506714866,0.8574792957517541,0.0,-4.624703087885986,1284.560570071259,66.9512252808,127.46302639519143,113.45615328335217,455-1197
38.08392780168589,59.6199989319,23.472255421191957,1.1755346819366674,15.751712690562274,0.48148148148148145,-4.652777777777778,1235.1851851851852,64.5121994019,83.91874831227494,166.049129080875,455-1197
33.29755780529468,54.0099983215,16.59962873614941,0.6166087077614172,9.79392050078929,0.12573099415204678,-0.5,1715.204678362573,97.6829299927,226.0998653734297,93.31944025519407,455-1204
31.699558733846878,55.6599998474,18.09390318778157,0.8723784952132997,2.709042845046974,0.21453287197231835,-0.5,1153.9792387543253,95.3658599854,244.95950082657694,84.09155671585816,455-1204
32.186782875950875,50.2899971008,17.99800394591558,0.33687702376848194,6.078615111354825,0.3346303501945525,-0.02529182879377432,979.182879377432,95.0000076294,152.33344549245885,134.70450682457798,455-1204
36.42415358758558,57.8099975586,17.829390373476308,0.6752943074142391,6.245980132537348,0.07923497267759563,-0.01639344262295082,909.5628415300547,93.2926864624,196.47905030980118,102.56167384820249,455-1204
42.050311690819896,60.719997406,24.33673672352224,0.4552234884411708,11.165535645036051,0.24705882352941178,3.354901960784314,637.0588235294117,96.9512252808,134.60744146892233,155.57434590633451,455-1212
56.35494458029982,72.8699951172,24.080332381208905,0.7252254546687815,2.982678488518419,0.09477124183006536,3.4362745098039214,443.30065359477123,95.9756164551,137.609134837972,150.64939677668218,455-1212
32.1281449052654,49.1399993896,15.821618401174472,0.6526559316060674,5.080656569972759,0.08206686930091185,2.837386018237082,400.0,94.634147644,87.33663503356762,234.04812749251857,455-1212
38.40402900994354,51.6599998474,16.405690951472337,0.3847755750533387,3.2876820370090982,0.11551155115511551,2.9702970297029703,407.75577557755776,93.7804946899,166.24088099675288,121.85081510374131,455-1212
45.94907428466805,67.2999954224,19.459591957179178,0.4817337645463661,3.3654007775927126,0.08176100628930817,3.0,49.056603773584904,92.5609817505,136.94741457493583,145.9915991854523,455-1212
30.12675924682532,55.4599990845,17.532832952623252,0.3557466904765744,9.552287867562363,0.1258741258741259,2.520979020979021,62.93706293706294,91.2195205688,192.59367262282578,102.30562704647024,455-1212
44.40729753817318,67.75,21.708567988837135,0.7925969891829103,6.159869205635288,0.12367491166077739,2.353356890459364,400.0,54.634147644,139.54775948205955,84.56585712951666,455-1221
39.61994576517382,60.8799972534,15.228902510483952,0.616189131904262,3.9346984730858003,0.03350515463917526,2.1907216494845363,399.22680412371136,53.6585388184,120.82365677917637,95.92694587912808,455-1221
60.33960247983436,75.2900009155,21.656158602595596,0.37405470110228445,2.873664329041772,0.0705521472392638,2.5,394.93865030674846,51.9512252808,217.56673642624145,51.57711534849931,455-1221
52.453347108196645,74.3399963379,22.70391826275999,0.9613481639842555,3.6324327249310784,0.058823529411764705,2.0,54.411764705882355,47.6829299927,183.46429019057112,56.13906045544186,455-1222
65.92293222096556,79.4300003052,13.402958624231397,0.2206567361186718,1.7975808138703888,0.0,3.0,1658.6734693877552,87.0731735229,153.88799686089035,122.2174949612739,455-1243
16.53405934661457,57.25,12.6660044421616,0.5197729030782045,10.019563329239016,0.07202216066481995,3.206371191135734,885.7340720221607,83.2926864624,149.3564644574564,120.45826299673239,455-1243
21.054309313545218,50.9899978638,15.287156272426827,0.44333239477201825,5.207878423887949,0.1027190332326284,3.5,826.7371601208459,82.8048782349,99.5001207156134,179.7571055200919,455-1243
12.660970581389318,30.1199989319,9.614008419123364,0.27282840931936364,20.664598887027687,0.3869047619047619,3.699404761904762,431.54761904761904,81.4634170532,260.1504102778538,67.63817156658595,455-1243
15.2367496997095,28.3699989319,9.398007697000809,0.8166362002156667,22.00167066238772,0.5151515151515151,4.0,302.42424242424244,80.8536605835,357.16234624542614,48.897625602546704,455-1243
52.278027782075,76.9799957275,21.868934605455284,0.5019560853439903,1.2010575131902628,0.08370044052863436,3.550660792951542,435.24229074889865,80.2439117432,285.10751766942593,60.79350372173615,455-1243
36.95094700333905,78.9599990845,30.0864125346163,0.33368961280350207,6.923585347682485,0.17254901960784313,3.5,414.5098039215686,78.414642334,30.313521258566716,558.7461317895354,455-1243
15.601608906676326,24.5100002289,8.908204905832555,0.7567074269488492,4.64903868371154,0.49122807017543857,3.5,433.0409356725146,76.8292694092,316.28242899326943,52.46931435682236,455-1243
37.913237344654,59.0499992371,23.195150193056225,0.8727500368867331,4.721353980907851,0.4230769230769231,3.5,94.23076923076923,76.0975646973,320.8044313014794,51.237054014287864,455-1243
40.23621121681144,60.4799995422,19.18919107392434,0.7980586390725642,6.543364039119898,0.10508474576271186,3.389830508474576,190.16949152542372,75.3658599854,165.86449381406882,98.14653746868152,455-1243
57.44177209926064,69.2399978638,21.187712336671833,0.32763595378706867,3.451828383701369,0.09556313993174062,3.0,133.78839590443687,73.414642334,118.4532683868092,133.87188855237935,455-1243
48.88322644006667,63.469997406,12.090213741858241,0.374371518794719,4.682538960862448,0.0,1.8650793650793651,1270.6349206349207,58.1707344055,138.15782308173357,90.94583535928089,455-1245
35.98942230603949,55.0599975586,17.64402223755557,0.44763549399730246,3.9036202571708474,0.10086455331412104,0.5,1025.07204610951,100.0,164.0887395093154,131.63608950005835,455-1261
33.28426450469262,56.6499977112,17.512964588809663,0.6817573337745694,7.036147150616634,0.14153846153846153,0.7553846153846154,710.1538461538462,100.0,192.5188194864633,112.1968234462334,455-1261
41.03590536117309,57.0099983215,16.35473074652647,0.2419314904139428,3.048690829488287,0.0830945558739255,1.0,854.1547277936962,99.2682952881,47.12759961327998,454.97653091135845,455-1261
33.987558274762044,50.8799972534,15.552224161533507,0.4237198990581892,6.371223667055516,0.14189189189189189,1.0,650.0,98.0487823486,297.100834319876,71.28400374835554,455-1261
38.95631323495564,57.9799995422,19.53276916414417,0.7037702017686057,2.9275000172548817,0.11746987951807229,0.8042168674698795,886.144578313253,95.7317123413,234.43585832256758,88.20344299577766,455-1261
56.00186864183792,68.3799972534,10.933172879808577,0.18741209557202082,1.6661900987750036,0.0,0.5,780.6493506493506,93.2926864624,161.33240938525552,124.90497323298548,455-1261
56.440750633562914,67.1100006104,17.139822107898112,0.2763379145703994,1.4635957352580988,0.009925558312655087,0.43548387096774194,773.4491315136477,90.6097640991,115.56430061723394,169.3577423207016,455-1261
44.75866089236863,68.7799987793,22.282134774538594,0.6233629093266961,5.2482515412842865,0.13677811550151975,0.6094224924012158,694.224924012158,88.9024429321,129.18998399797957,148.64099428663076,455-1261
51.92610555394576,76.9300003052,16.322814991878808,0.5542654588671387,3.887179223794766,0.0,5.158666666666667,400.0,84.7560958862,133.20769894421312,137.434373962771,455-1262
67.77757963337007,84.8300018311,7.819527513896736,0.27106455667599105,0.9236828551576661,0.0,6.8254364089775565,0.0,79.8780517578,118.4944219931055,145.6073534051138,455-1263
56.90690520340906,76.9199981689,23.895142945592454,0.30335611924111405,3.8398143696400258,0.08250825082508251,6.503300330033003,20.792079207920793,76.707321167,64.45815266682578,257.0471024466597,455-1263
61.91291131016627,76.5199966431,21.687031053836257,0.49749869285448783,1.2785279090849075,0.06363636363636363,7.0,0.0,75.3658599854,156.7582412754803,103.84797395269527,455-1263
47.843501880660895,63.9599990845,23.58451645999194,0.659906654211004,4.048722757409509,0.21890547263681592,6.0,450.0,95.8536605835,147.99969455960033,139.8948203754449,455-1292
37.48559612748172,61.5699996948,20.53973959884345,0.7426444648703585,9.608665661934262,0.10963455149501661,6.0,320.265780730897,94.634147644,157.24876119394665,129.99133179747352,455-1292
31.133652541907452,49.9199981689,14.548906312658508,0.5529934319380212,6.897165492875034,0.10264900662251655,6.0,390.72847682119203,92.8048782349,173.63734921141798,115.44666968124984,455-1292
35.71985679165132,50.9899978638,16.474986874036116,0.45093544379561,8.64336498923943,0.13271604938271606,2.0,716.358024691358,99.7561035156,196.78490328697814,109.496805900534,455-1304
43.323295512020074,60.0599975586,19.006735130746595,0.40042190411332207,2.6510639162024607,0.14826498422712933,2.0,650.0,98.5365905762,80.21719714067159,265.32843733164884,455-1304
33.22932416779185,47.6100006104,15.520980268456697,0.4827869072425861,1.809445894163322,0.16842105263157894,1.8421052631578947,693.3333333333334,97.8048858643,300.94086759468064,70.19935682229095,455-1304
37.06825001090235,62.8899993896,16.90746732109178,0.5306650137951238,3.9028369129837546,0.07621951219512195,1.5,699.0853658536586,95.3658599854,211.76903935479848,97.27118666451865,455-1304
54.680642886600005,71.9099960327,12.237422358432315,0.6069364920295036,4.982181598617371,0.0,1.2140151515151516,737.1212121212121,93.4146347046,176.70244127884504,114.18948685803628,455-1304
55.58307836717548,71.8199996948,15.842945377171743,0.6562921403130313,4.44208475514187,0.0,1.0,834.6007604562737,90.1219558716,102.83669805350665,189.29373304204228,455-1304
45.98732399463886,67.75,16.526381014783222,0.46089242681555004,3.7031637554241894,0.009900990099009901,4.108910891089109,2211.138613861386,66.5853652954,188.50976231121973,76.29545933043906,455-1306
42.76103339171793,65.3099975586,24.35893062961318,1.0951082612546978,4.648155233950374,0.28771929824561404,4.0,1292.982456140351,63.6585388184,218.43351714840716,62.94933380316478,455-1306
37.687062422139554,63.2799987793,20.001399169795878,0.47729469881221476,5.5136416594562325,0.1697530864197531,4.0,1234.8765432098764,62.4390258789,237.51244838573083,56.78367463055741,455-1306
66.37479224155669,87.9899978638,29.439370967177215,0.5136912460202563,1.9846901778062818,0.14912280701754385,4.0,1369.298245614035,60.7317085266,197.29911807889212,66.4881281248313,455-1306
38.77893366363393,58.1199989319,13.817674185414514,0.40904244282436375,5.435678198930846,0.0,4.067796610169491,1386.682808716707,39.2682952881,192.2034239201359,44.130076401521386,455-1310
49.33435718083269,62.3699989319,10.25834499394873,0.15094879597163205,2.2964635284237036,0.0,3.470944309927361,1333.6561743341404,37.4390258789,162.39933481812676,49.79595266753371,455-1310
26.861597400021772,44.2799987793,8.07148700941284,0.3212443843142273,3.882108740756718,0.0,3.0,1500.0,34.7560997009,101.53534898083173,73.93796949288728,455-1310
28.584454685377526,49.8099975586,10.732958084561483,0.39263109903457455,5.17153951957675,0.0,3.0,1615.2542372881355,34.0243911743,243.2080161803847,30.218035610298013,455-1310
34.525492825732535,55.8899993896,14.603794089012483,0.5519548983367789,12.635503778205653,0.0642570281124498,3.0,1500.0,31.9512214661,180.3130033897022,38.27490922416607,455-1310
49.32619235739178,65.4899978638,18.380898809416617,0.44387618130774364,2.833165438946882,0.04885057471264368,6.362068965517241,518.9655172413793,63.7804870605,83.45258968007114,165.08277643489248,455-1320
48.833526472307696,71.4300003052,18.394227269457286,0.5622928073371031,3.148706364989663,0.03651685393258427,5.702247191011236,400.0,56.4634132385,112.33961834734511,108.56452459903011,455-1323
39.64688937838189,69.689994812,24.07593463469176,0.54008147071658,6.192113979160926,0.07605633802816901,0.0,558.5915492957746,75.8536682129,122.56007662217725,133.68457972244482,455-1338
48.38311210368139,63.9199981689,18.910361434584317,0.44587501932413215,5.516269401700685,0.08882521489971347,0.0,299.8567335243553,74.2682952881,59.539751068826845,269.43263104485277,455-1338
50.43586258489036,69.1800003052,27.214261041603958,0.6235746208089566,2.579901428634052,0.18025751072961374,0.4592274678111588,86.69527896995709,73.414642334,74.39238693527669,213.16109614738525,455-1338
27.25524334015268,61.5200004578,18.000017808451332,0.6369210422133684,10.184831720162164,0.16326530612244897,2.2448979591836733,265.98639455782313,69.634147644,118.34082633071235,127.09879048056382,455-1339
10.269999802109751,16.3099994659,5.266409872372831,0.2952375029707138,41.29463823697171,0.6551724137931034,3.2758620689655173,247.41379310344828,68.4146347046,477.4312820561396,30.95222632365333,455-1339
44.396066591142166,84.8699951172,25.411020192861073,0.5355955370595248,5.660636852705457,0.02040816326530612,3.4528061224489797,229.46428571428572,68.1707382202,136.54930541155295,107.83562326577297,455-1339
28.63540039598417,51.1599998474,18.330036546277007,0.4756222319332107,11.422733074075756,0.252,3.26,93.6,66.341468811,216.3210766943515,66.24300083076544,455-1339
52.01311556859114,82.9599990845,24.54667643641789,0.6888565320069449,5.24989967437584,0.08333333333333333,3.2038690476190474,135.86309523809524,65.4878082275,187.14392850058204,75.58549556202144,455-1339
29.045969956087983,59.2899971008,17.228989319299952,0.7899576448732595,6.494674998560877,0.12779552715654952,3.0,69.32907348242811,63.9024429321,126.13501232381734,109.42978812178126,455-1339
45.31333229450798,68.2299957275,17.33526112189719,0.4020159187862093,4.258916615557972,0.024,3.0,0.0,62.6829299927,80.36300888169585,168.47941692122322,455-1339
42.035224837637585,74.0499954224,17.79032768206725,0.34587957391461566,5.547426487602389,0.054878048780487805,3.0,0.0,61.5853691101,232.152759350144,57.30037310354867,455-1339
49.2260260821457,77.4599990845,26.549453962780817,0.5747524232717529,4.681181161224606,0.1978021978021978,2.9249084249084247,233.33333333333334,60.1219520569,79.74346224797557,162.8514899930882,455-1339
23.712120602829565,41.0499992371,11.527366176183333,0.5279463216504428,10.927042786480744,0.1027190332326284,3.4939577039274923,53.47432024169184,59.1463432312,175.56121158390525,72.77011831188807,455-1339
29.483061342280504,54.0,15.001197205022784,0.8342972665671446,5.746458170510664,0.12542372881355932,3.5,304.91525423728814,57.5609779358,91.27757507633729,136.21276883982387,455-1339
49.8737656268291,68.689994812,22.37694468919871,0.5595185315215581,2.8300251761676685,0.13565891472868216,3.5,0.0,56.9512214661,102.11269478244844,120.46948582530237,455-1339
39.08831942425612,56.6899986267,16.032763310476554,0.42626937099741524,3.2079739471861526,0.015503875968992248,5.4509043927648575,172.86821705426357,54.390247345,91.01407816876888,129.08215589169566,455-1340
32.00206117040145,54.1999969482,16.628235121218953,0.4147180681603263,6.7028413061864,0.16379310344827586,4.622844827586207,260.12931034482756,53.4146347046,211.89860708474993,54.44849900112413,455-1340
32.68229174142909,54.469997406,16.246688991574953,0.7248053971559121,8.415221532544415,0.06296296296296296,10.5,140.92592592592592,63.4146347046,80.97862623757915,169.15032685300204,455-1360
25.30869691411848,53.6199989319,14.335565558249632,0.48920296102077043,11.606972449452346,0.11524163568773234,13.0,0.0,55.4878044128,172.15043993342596,69.6214645620411,455-1363
29.93899931758735,49.7299995422,12.98381078018989,0.42284685358112617,4.9336661561430475,0.058823529411764705,13.0,0.0,54.2682952881,85.56218494535258,136.99921045396692,455-1363
38.59515944199615,54.969997406,15.863714984164442,0.30220369063170444,4.020384655307573,0.06306306306306306,13.0,5.255255255255255,53.5365867615,82.01669565073712,140.9944968976578,455-1363
35.255250512740545,55.8999977112,19.91901895009227,0.25703719234359396,4.750089071691328,0.1411764705882353,13.46078431372549,14.117647058823529,52.8048782349,86.0043656257001,132.61947362506987,455-1363
80.75992624022481,94.0799942017,13.776242870489254,0.26330848740610335,1.1248859327415934,0.0,14.0,272.66187050359713,53.2926864624,130.5828482408961,88.1526205849238,455-1373
42.36745232499648,63.75,20.996924100475635,0.5259492640246969,5.09849327689809,0.16300940438871472,6.4576802507836994,1771.630094043887,46.0975608826,171.99017092133798,57.89326853565139,455-1380
49.04915180883792,70.5800018311,17.418974011626513,0.5428081877304008,2.8446481107687,0.013477088948787063,3.358490566037736,447.03504043126685,44.6341514587,207.42950776804068,46.47832807789469,455-1380
43.40349010641098,59.7399978638,19.789894933513782,0.44638726872276235,8.1959118865005,0.10423452768729642,2.6938110749185666,400.0,42.317073822,97.71114824608536,93.5460089214354,455-1380
94.04734469981277,109.819999695,20.222606046473306,0.3081697455962315,0.18910403006172818,0.0,2.6412776412776413,1202.0884520884522,34.1463432312,206.7454237503144,35.67484108788156,455-1383
56.278981080189666,73.3600006104,15.744693002085015,0.31736771283516446,3.084544703158818,0.015037593984962405,1.2092731829573935,1491.7293233082708,23.658536911,166.00623493789953,30.783446023504272,455-1384
46.57671502920104,63.1999969482,14.305671002607507,0.4837000692854668,2.38249485330071,0.023121387283236993,1.4942196531791907,1091.4739884393064,20.4878063202,170.811799981364,25.90784808570613,455-1384
50.94186690351337,70.7799987793,17.63020528324338,0.396085063327832,2.7718861439874654,0.024128686327077747,1.0,1646.514745308311,37.5609741211,130.64402047059295,62.10135282834332,455-1402
32.94396915866884,62.25,11.212949839133564,0.43703599201584076,5.2055358984575415,0.0,1.0,1320.854271356784,35.4878082275,143.13051365052726,53.55508327075554,455-1402
57.89157761547418,72.1800003052,11.44578144226722,0.1355827487362327,2.651298691512834,0.0,2.5,1614.7869674185463,57.5609779358,93.62298066249879,132.80042085984317,455-1405
50.46107594905913,66.5100021362,25.841568170075238,0.6636790711490353,4.7263516719861505,0.2585551330798479,2.5,1088.0228136882129,56.0975608826,163.40023996040517,74.15578553359398,455-1405
58.030038565751525,74.3300018311,27.96854519632374,0.12122376023383913,3.844365338828819,0.19032258064516128,2.617741935483871,904.0322580645161,55.8536605835,133.10950912073255,90.63507758182323,455-1405
26.781120926419998,54.6499977112,17.99882928900043,1.067612029073801,2.3255450592921103,0.39204545454545453,3.0,414.20454545454544,54.1463432312,377.9971450495602,30.941001251228386,455-1405
39.50618472787711,62.3799972534,19.48734844192357,0.42526552543865886,4.365135665370911,0.08201892744479496,3.0,400.0,54.0243911743,146.57066608565418,79.61530642720432,455-1405
49.90852442154305,66.3199996948,18.909948355567096,0.34543639780726326,2.493676635647178,0.05454545454545454,3.0,400.0,53.1707344055,117.23684170173863,97.96305039337884,455-1405
49.009670185716494,74.7399978638,20.27661656374553,0.4393810616909611,5.734204126248784,0.056847545219638244,3.2635658914728682,1115.5038759689924,50.2439041138,192.55242610576047,56.36222564456241,455-1406
55.82579968917541,74.0899963379,18.908412240326562,0.36628822256019866,4.928474878541457,0.06020066889632107,3.0,400.0,47.4390258789,186.68343868204812,54.88879818254471,455-1406
62.510866507043666,82.5099945068,27.634107686385146,0.37937439965734676,2.764715868706502,0.08620689655172414,2.963793103448276,400.0,45.7317085266,156.51062405320096,63.11423969779753,455-1406
38.216965777080866,60.2999992371,16.812545272601845,0.7232799925524096,6.205768985226676,0.0625,6.696875,0.0,32.1951255798,164.21898871894336,42.3467905842402,455-1409
49.134533443913405,77.189994812,27.113660737258225,0.7447599153027588,5.069655463982257,0.12411347517730496,3.5691489361702127,0.0,31.5853691101,149.2543927205933,45.710143624069545,455-1409
66.49771023271443,85.0699996948,10.697813841524335,0.19656258625799397,1.2085273217714096,0.0,2.4813432835820897,0.0,30.0000038147,150.9616854034171,42.92480444066718,455-1409
61.22949279978463,81.2200012207,24.14836240428697,0.5184863914529697,2.9006440705722065,0.07220216606498195,1.4693140794223827,0.0,14.8780498505,138.19278788384133,23.254894968970866,455-1410
54.188629410374276,72.9099960327,15.761337614765441,0.5159189526916985,1.2181185713598688,0.002577319587628866,1.1791237113402062,0.0,12.317073822,89.8604587797712,29.606881398995387,455-1410
48.08885474124195,59.5799980164,7.6550534804655905,0.3538653279397395,0.6337987033748164,0.0,1.0,0.0,10.7317085266,41.34863132760462,56.06108273281721,455-1410
69.18912080239066,90.1199951172,26.859290559367267,0.3600942399482518,2.2447342068349556,0.08333333333333333,4.445402298850575,1450.0,65.4878082275,183.71406949746483,76.9966427494286,455-1413
49.035503632434946,72.0599975586,29.12813511934028,1.713249205616865,13.169616794334804,0.39106145251396646,3.9608938547486034,555.3072625698323,60.7317085266,243.09998303324923,53.96153828588059,455-1413
60.37176014618665,82.689994812,24.479629827337117,0.5402547086943855,2.3544467139999297,0.03561643835616438,3.5,434.6575342465753,59.390247345,172.44847271100338,74.38913911414113,455-1413
40.629748422785795,75.8300018311,20.980968756481435,0.6442062798494675,5.084201232779336,0.03234501347708895,13.00943396226415,0.0,79.8780517578,129.9029278873711,132.81963278490636,455-1418
46.390397949419814,70.8099975586,17.3699100952216,0.2936634925839645,6.256989315734048,0.015706806282722512,12.5,0.0,77.6829376221,137.5950785589956,121.9485079125063,455-1418
67.06420550299805,90.0699996948,15.102031334081643,0.3970842157156291,1.7321220668089168,0.0,12.5,0.0,75.1219482422,166.55380971422255,97.42401478631312,455-1418
66.55678192369108,86.3399963379,23.980599185845364,0.35361266228729343,3.9535098536435007,0.04559270516717325,12.0,9.118541033434651,62.9268341064,71.92277015396546,188.98321265832104,455-1418
52.76091550191125,65.4899978638,9.465188105461605,0.3191302601954964,3.40655539410862,0.0,12.0,0.0,61.3414649963,135.70420773315882,97.63703469869101,455-1418
48.90770146429473,68.0599975586,15.611915957861159,0.274816377893773,2.9336207258433666,0.020460358056265986,9.5,134.0153452685422,45.2439079285,157.1840957338776,62.17349196130987,455-1421
50.151405811311136,68.3799972534,22.97458369459075,0.5951052069713242,6.118295462015131,0.12040133779264214,3.79933110367893,425.25083612040135,87.3170700073,181.99849647626777,103.62990621758335,455-1424
79.90626655881641,111.709999084,30.42006402436891,0.20358921284947717,2.3346039030870394,0.0,3.644278606965174,250.37313432835822,85.365852356,105.04817607619893,175.5292171424363,455-1424
39.8967811135537,59.6599998474,16.115786661658884,0.40774669165189453,3.742699000827526,0.020833333333333332,10.876302083333334,89.97395833333333,84.634147644,87.27107517098071,209.4734808215445,455-1427
27.609817617592906,45.3099975586,14.64298411541649,0.4530846218673889,8.887827954394012,0.17293233082706766,10.0,139.84962406015038,82.4390258789,180.72187626101348,98.53167728363059,455-1427
19.798985530444128,40.7900009155,11.531777901406144,0.7109071121746351,7.892109602814411,0.11180124223602485,10.0,5.434782608695652,81.707321167,84.67802012930922,208.42222509597042,455-1427
19.148442688102637,38.6499977112,12.811261809269412,0.9430560922663962,5.087529370663298,0.2801724137931034,10.922413793103448,150.0,80.2439117432,227.46708294007294,76.19865130594549,455-1427
30.377850368357198,50.7000007629,17.25140821487838,0.7516186276382499,5.432419641415732,0.1678832116788321,10.802919708029197,33.941605839416056,79.8780517578,156.4732140943992,110.26589617617101,455-1427
31.064123671343385,50.8699989319,17.497126977920896,0.6048866331208825,7.028874248513637,0.13758389261744966,11.0,4.3624161073825505,78.414642334,56.34005716687386,300.6309115728541,455-1427
37.00305465856986,51.3999977112,19.014899594294217,0.5880708547312203,8.245629730520351,0.19553072625698323,11.039106145251397,0.0,77.4390258789,107.65275130965212,155.37763212135087,455-1427
48.42875680049701,66.5899963379,18.996517191594386,0.5460479945589308,4.62257507213015,0.047337278106508875,10.18639053254438,416.8639053254438,100.0,138.98354966534959,155.41407635658598,455-1429
43.14022271459933,58.8099975586,16.99370269469271,0.33042337670446437,4.029870607744038,0.05789473684210526,10.5,359.2105263157895,100.0,164.06807283613927,131.65267091040133,455-1429
40.64914867748245,63.2999992371,18.30644720876773,0.3574565831774433,7.734601378069007,0.09538461538461539,14.581538461538461,0.0,73.7804870605,66.99467135554741,237.8783996191421,455-1435
33.554646634139715,54.7599983215,13.509222579628629,0.7680944663941304,7.857462628674225,0.05454545454545454,15.183333333333334,0.0,71.8292694092,128.64769745042656,120.601631431187,455-1435
41.79450755684732,56.6199989319,14.88915442970289,0.4345914525082713,3.6208867903206623,0.07232704402515723,15.5,0.0,71.2195129395,37.58854372519294,409.2580682933345,455-1435
33.3292004864025,63.4899978638,21.2539986374767,0.5211931865087103,7.671322928360005,0.054380664652567974,15.581570996978853,0.0,70.7317123413,108.90098476014434,140.29303682947292,455-1435
37.338922209011116,61.9599990845,20.405413984388762,0.439179602121675,5.865556922327378,0.16129032258064516,11.667741935483871,190.16129032258064,81.8292694092,163.00090848493912,108.43572809914944,455-1453
41.70862156760857,60.9599990845,12.9013166131569,0.49144479287261833,3.1039185158713076,0.02,11.5,152.625,79.7561035156,96.11783897013473,179.2312284998666,455-1453
41.142297127233476,60.0200004578,17.97490007674026,0.6248597411026608,5.021706749271023,0.06936416184971098,11.5,0.0,78.5365905762,147.88167474833466,114.71268223955677,455-1453
58.61648735745198,88.0999984741,22.042214352627592,0.5361452493960001,1.572415482005349,0.0199501246882793,11.0,394.139650872818,56.4634132385,127.97632414656731,95.29963718561092,455-1457
41.81435938075293,59.0799980164,12.209692627743543,0.16762127691840448,5.171711663265256,0.0,11.0,374.8546511627907,55.1219520569,90.72421068288209,131.23665176771715,455-1457
47.27687360346413,67.0499954224,22.713441566352262,0.5597858032933677,7.202163821630357,0.17131474103585656,9.0,131.0756972111554,98.0487823486,145.3765184321329,145.68059006850214,455-1461
33.64557960774633,54.7599983215,17.9960756183379,0.7350946590219091,4.431537714898753,0.10702341137123746,9.108695652173912,226.75585284280936,97.5609741211,86.53398181502884,243.52479763617794,455-1461
42.39761550067168,63.1099967957,14.412260392992119,0.46739573056473915,3.324387171226969,0.016172506738544475,9.381401617250674,389.0835579514825,96.5853729248,73.71670183630671,283.00832826302195,455-1461
48.02343659528134,71.1500015259,18.40273206758914,0.5091952924115751,3.9462195169673326,0.0,9.0,343.75,95.3658599854,168.68435446952162,122.11580511794466,455-1461
49.05188824614506,64.9499969482,23.187599624380418,0.6363921179765121,5.877951464937913,0.15891472868217055,18.027131782945737,201.5503875968992,76.0975646973,64.84879934176652,253.46766850670645,455-1469
35.533378273862894,67.1500015259,23.684476805337003,0.5246744054517019,7.731146396849877,0.24870466321243523,17.917098445595855,204.14507772020724,74.6341552734,45.06983894562623,357.68882064351925,455-1469
73.3881555824157,84.2599945068,12.636773010237555,0.26885312315577514,0.4986384404686138,0.0,13.569965870307167,0.0,49.7560997009,138.61188818080913,77.53532309851596,455-1492
49.14933594023619,70.0,16.38007467064442,0.5006675663198574,5.113133138371432,0.01092896174863388,13.782786885245901,218.85245901639345,46.4634170532,102.82068370236937,97.60777425427614,455-1493
58.53368836928807,78.1699981689,24.88083355376444,0.48039828161324494,2.718031000554221,0.0880503144654088,7.220125786163522,20.59748427672956,97.6829299927,149.00781678670583,141.60004041013272,455-1496
51.486936471002124,71.9199981689,16.9356173861348,0.3957067402021202,6.2712587071681725,0.016,7.0,92.8,96.0975646973,134.18606674984338,154.68874285817776,455-1496
49.0242397660343,73.3199996948,17.03511203976115,0.4273147987278385,2.3039148535869165,0.017994858611825194,29.165809768637533,597.6863753213368,79.3902435303,114.09138584936554,150.3031317823208,455-1509
67.60307534206721,79.8799972534,18.955634923101705,0.3952633800693171,1.1526428115496303,0.03428571428571429,29.0,267.14285714285717,76.8292694092,159.4791262431729,104.05827134444571,455-1509
71.56283341464099,91.9199981689,25.26695686331542,0.5024932263710475,2.4797795529642372,0.05309734513274336,28.5,358.99705014749264,62.8048782349,110.30419733987716,122.98583395642076,455-1509
53.4481399683424,82.4899978638,22.143241767688345,0.3943261027531838,3.001027617829222,0.010362694300518135,28.764248704663213,300.0,59.7560997009,90.22031363040335,143.0644276883201,455-1509
57.647196518195216,72.5899963379,18.46417144847275,0.4306580219058413,1.5613835057484806,0.018867924528301886,27.29245283018868,283.1536388140162,54.0243911743,146.08185674679416,79.88170984077315,455-1510
61.392124919443255,85.5599975586,22.46564212903724,0.5707232608661271,2.991593793220662,0.01804123711340206,25.13015463917526,250.0,45.6097602844,106.32862440745119,92.6533967342478,455-1511
55.08350285845099,70.5100021362,18.848747348619384,0.21352269978333124,2.488769674360161,0.03038674033149171,25.03038674033149,251.38121546961327,45.2439079285,80.49244640372316,121.41119507710684,455-1511
44.50655236754626,63.7399978638,14.193614707679945,0.6711177117524365,2.522629671712654,0.005194805194805195,25.677922077922076,250.7792207792208,44.390247345,88.31057042376061,108.57469700977268,455-1511
60.44121261831218,70.1399993896,18.649080713076895,0.40832964653144216,4.2820652623939575,0.051515151515151514,21.318181818181817,0.0,89.8780593872,170.88051235832117,113.60956588734054,455-1516
36.24356322213106,73.5100021362,24.46049011624554,0.8993191096630218,6.8036582739029505,0.21991701244813278,27.887966804979254,481.9502074688797,70.7317123413,45.71174869126049,334.2258894733942,455-1522
40.321098773340616,71.5899963379,25.125293999421114,0.5384586126828069,1.4376726673525242,0.07911392405063292,27.705696202531644,320.7278481012658,70.4878082275,110.64428345413162,137.60644564571456,455-1522
47.05031401340827,72.5199966431,19.122374375231022,0.876967564436704,4.98882710119138,0.02681992337164751,27.5,300.0,70.2439041138,69.35203598784062,218.77776293750054,455-1522
47.39784446867589,77.5699996948,23.757701225711905,0.43925143404537303,4.774643685191967,0.13074204946996468,21.5,0.0,89.5121994019,207.1292073628228,93.34576864837042,455-1528
57.883491346729706,83.3300018311,21.47383838856745,0.35724791128691663,2.992496497607323,0.048295454545454544,21.808238636363637,0.0,88.9024429321,83.76135355877449,229.25760935631374,455-1528
52.07270698580615,76.4199981689,24.80797343133474,0.6625115595978244,2.8093191464294027,0.0914826498422713,22.0,0.0,86.9512252808,142.26864618396425,132.01408155924202,455-1528
34.099571409076155,54.5900001526,14.270175617904,0.6474777700115095,6.641461873038656,0.026041666666666668,22.102864583333332,0.0,75.3658599854,155.4578490274444,104.7166537983715,455-1532
50.96939174447864,64.2200012207,19.59534854172092,0.4810381331600813,1.1702508542246848,0.08196721311475409,22.0,194.2622950819672,74.2682952881,103.44636159862785,155.0750701554146,455-1532
32.69911707304988,50.8899993896,15.34651555880592,0.929272467286872,3.2782684509627438,0.06707317073170732,19.5,0.0,70.9756164551,117.57109423271683,130.395428011892,455-1533
35.87675511557735,48.8799972534,14.004933407915768,0.6028780182633486,4.922288605522234,0.06269592476489028,14.5,0.0,100.0,61.64301967142265,350.4046381104467,455-1553
35.505794228591384,59.2299995422,18.14477831616275,0.4094920925341083,4.9925802932178245,0.08116883116883117,14.5,0.0,100.0,105.26308743862465,205.20013734723705,455-1553
45.19753326047435,61.2299995422,20.727503489811284,0.4485077898117557,3.3964177264912134,0.12835820895522387,9.734328358208955,220.7462686567164,63.6585388184,109.33673067512899,125.76052256062373,455-1561
30.15379349288319,57.0599975586,16.415696601929028,0.5168701045630005,5.980696697402692,0.0688622754491018,8.25,226.04790419161677,63.1707305908,92.4994922954498,147.51300216902933,455-1561
45.91991793192522,69.6999969482,23.449261233057516,0.7439014290698659,7.599663737086224,0.10181818181818182,6.5,204.1818181818182,59.8780517578,98.30436418752356,131.5674974003473,455-1562
35.19532731325329,65.9300003052,16.103828847756578,0.4547598097277261,7.572147230009756,0.015209125475285171,6.5,287.45247148288973,59.7560997009,60.180059487963256,214.47831134125119,455-1562
36.153215980195,61.3799972534,17.20246350076299,0.6996806140481859,8.358772745558547,0.06840390879478828,9.5,372.63843648208467,95.8536605835,179.62954456006307,115.26161098244634,455-1567
60.476539377896906,80.9300003052,17.33942281452792,0.4688138064598288,2.615125843666056,0.03048780487804878,9.5,118.29268292682927,94.7561035156,135.65330626582127,150.87961305758807,455-1567
53.69625626604798,83.0800018311,31.892014082368956,0.560748540071591,4.235048285451622,0.348,9.5,527.4,92.5609817505,93.43783155744309,213.97298850858638,455-1567
73.29027840806208,90.1100006104,8.294305088869622,0.23740549922489956,1.2513142194600568,0.0,17.81679389312977,0.0,64.0243911743,91.56119611677536,151.03853029629738,455-1573
57.165292512135316,78.5400009155,21.7772231461694,0.4234267507781675,1.9969016535874644,0.032520325203252036,18.45528455284553,0.0,62.4390258789,135.24159594377448,99.72397542135951,455-1573
57.2933871266654,76.0899963379,18.421678509600643,0.6062647777873162,1.9730244999609199,0.024193548387096774,18.0,0.0,60.9756126404,126.81169163203187,103.86055229468725,455-1573
46.13497949481284,66.0299987793,24.831231053244547,0.5270155943187027,2.2117604802444855,0.17363344051446947,24.241157556270096,416.0771704180064,57.0731697083,72.78671533480336,169.36888277328532,455-1575
43.13810574429146,62.5699996948,14.907390329169315,0.28178376672515143,6.4686870611414715,0.0,24.0,380.58252427184465,57.0731697083,48.39023567354388,254.7581032702577,455-1575
53.29725394716478,70.9300003052,21.474507865273136,0.4632811202332408,3.6093822808220226,0.06934306569343066,23.224452554744527,0.0,81.5853729248,97.50895494727327,180.72638109275104,455-1582
46.74278149066405,70.9700012207,18.081163434192238,0.3607056918086717,5.568780415183832,0.032,26.301333333333332,639.3333333333334,69.2682952881,109.2691712993888,136.9274755569899,455-1586
43.903448786844926,60.6599998474,20.508656904903486,0.6645202596372997,3.452431875331281,0.12244897959183673,26.739795918367346,351.53061224489795,55.7317085266,89.24919025803155,134.88132505115132,455-1589
40.24855648103954,55.5200004578,14.766803889882707,0.5332294049632701,3.7940321595259485,0.046875,26.6453125,391.875,55.4878044128,95.2219185649996,125.86771967825295,455-1589
14.81125844609259,29.4299983978,8.32795787808068,0.5046288293959708,11.592253134508121,0.24338624338624337,26.433862433862434,375.3968253968254,54.634147644,157.084158515901,75.1251813206195,455-1589
30.020974987890064,48.0599975586,13.784203305835614,0.512628400858181,4.8597515452732125,0.05475504322766571,27.37463976945245,350.0,54.2682952881,200.24157942736187,58.53904976055069,455-1589
31.537229004738954,47.5599975586,15.195826943855511,0.675243092147608,8.716749365946335,0.10843373493975904,26.477409638554217,404.6686746987952,52.5609779358,98.1616900336338,115.65786235182773,455-1589
30.641200607473117,58.1299972534,15.760960024912812,0.5746351457625533,7.4530156008213675,0.0581039755351682,26.148318042813457,426.1467889908257,51.4634170532,215.69551265861165,51.53606556982486,455-1589
29.12176042533274,54.7399978638,15.799698960415267,0.7604326162418111,8.477650366227028,0.06744868035190615,26.299120234604107,340.90909090909093,49.8780517578,172.52573022500457,62.446680652410585,455-1589
40.49658853486987,59.8299980164,15.177104849845154,0.5129114998832963,2.7062557725118883,0.059190031152647975,26.904984423676012,300.0,48.0487823486,99.43505740431814,104.37502887031968,455-1589
33.268307416459336,51.2399978638,12.000805358105575,0.6482436028334833,4.2138080193059055,0.04885057471264368,26.79741379310345,323.7068965517241,46.5853691101,47.37397899038244,212.40436083750555,455-1589
38.27547520682539,59.1199989319,21.962968033185902,1.0113090403262506,11.821961523815588,0.24096385542168675,16.5,54.21686746987952,100.0,94.74009013866541,227.99218333427137,455-1591
34.92288241596008,69.3099975586,21.61310690046424,0.727428380903101,5.088375058547006,0.10749185667752444,27.074918566775246,661.5635179153095,81.2195129395,144.58740776400552,121.33431995382495,455-1593
43.43240215704724,106.970001221,37.548542452324554,0.564379156439743,1.5647195367534896,0.1342281879194631,27.508389261744966,680.2013422818792,79.7561035156,312.4980828813096,55.12775694663297,455-1593
60.164292226730865,110.309997559,46.53610797606659,0.30157442121331257,8.825875588086115,0.28125,27.384765625,563.28125,78.0487823486,37.52427149733887,449.2702007151069,455-1593
16.75166629006417,29.5699996948,10.030814433105299,0.4794870796048971,32.179766622017006,0.4319526627218935,27.0,389.64497041420117,75.7317047119,305.76923516980247,53.49801855862413,455-1593
24.885241920209292,58.1399993896,15.599331946176942,0.9666066596109131,9.534683965085652,0.17153284671532848,27.31021897810219,548.9051094890511,75.0,208.14211169208653,77.83143866612322,455-1593
63.82047876416244,83.9000015259,10.495410186505238,0.32104743293495125,1.9644260149038861,0.0,27.99344978165939,549.5633187772926,74.1463470459,102.52905283350442,156.20558777541757,455-1593
66.82179970178342,82.2299957275,24.423251598409,0.4786204331752145,1.4600305314574265,0.05847953216374269,21.14327485380117,250.0,63.5365905762,136.7396654370728,100.36519776900361,455-1594
48.751284182530846,73.439994812,17.198029423796005,0.4804357722949128,3.0705984257295937,0.012690355329949238,21.48984771573604,250.0,63.2926864624,99.96067873837137,136.76598086794004,455-1594
38.535773010476724,55.5,14.222231113739129,0.33392901626032506,3.667323690146007,0.045454545454545456,14.0,0.0,60.4878082275,109.05296520945447,119.80753161590587,455-1595
46.40506840910917,68.2099990845,20.917052268091012,0.19592706999150644,3.6027814940559977,0.06188925081433225,24.127035830618894,0.0,58.2926826477,55.72105042089656,225.96880993437318,455-1596
37.2701399583769,60.7099990845,14.96996027103949,0.32030973079180813,4.972458249213112,0.0,24.46713615023474,0.0,58.4146385193,53.51971853896897,235.75538632516643,455-1596
65.75852142920293,81.9899978638,19.848695049311903,0.38693865792533877,2.631045886353942,0.029850746268656716,19.940298507462686,227.76119402985074,40.1219558716,122.86973194358707,70.5327693906304,455-1600
48.9095301739857,63.8199996948,16.953891165123377,0.5660436994268339,4.106186504524124,0.058823529411764705,20.722426470588236,105.69852941176471,35.4878082275,98.2758619585117,77.99846701294794,455-1601
58.475249939126,81.0499954224,17.056031635408406,0.5149124782471809,2.085634273604651,0.02185792349726776,17.334699453551913,0.0,95.9756164551,142.59996884850682,145.37684209682544,455-1604
43.68324001777593,67.6100006104,18.89010863050288,0.45237753244255313,5.513914408216328,0.06896551724137931,16.163793103448278,0.0,92.1951217651,37.53833787128681,530.5015466999138,455-1604
49.206915176562156,62.4300003052,16.884512288795587,0.4378576474857289,2.276941200496941,0.0440771349862259,16.0,0.0,91.0975723267,178.0825015540051,110.4941555226298,455-1604
58.96729737725535,72.7600021362,15.825458109168414,0.3126405242345458,0.5288565286695973,0.01694915254237288,16.066384180790962,0.0,89.1463394165,98.09569892174386,196.29412426456352,455-1604
55.19366540273164,69.1999969482,18.299264562314512,0.1957924025722007,2.2463733236533274,0.06542056074766354,18.0,0.0,80.4878082275,80.09534093548329,217.0584003274784,455-1606
34.27428856561243,57.5599975586,13.283789669702083,0.33356897834600985,5.205854644998105,0.012755102040816327,20.335459183673468,0.0,77.5609741211,50.19854506198302,333.73816690247696,455-1607
39.6190428538441,57.0699996948,11.965364996211054,0.29917691962675486,2.799736146025203,0.016129032258064516,20.0,0.0,76.4634246826,102.99712895863468,160.3549525936275,455-1607
57.09488693368932,73.939994812,25.696963102709027,0.3922257161929171,3.697894212068529,0.12131147540983607,19.65081967213115,0.0,77.0731811523,42.43169293952154,392.3436934893251,455-1624
40.29955070649327,65.5699996948,20.307202944056105,0.5337846263737221,10.061389897639827,0.11507936507936507,23.0,12.896825396825397,40.3658561707,154.63237548724874,56.38550727425245,455-1634
37.27219743256198,60.4899978638,18.78648648208536,0.8729378826900752,8.294726307777854,0.15636363636363637,23.416363636363638,308.3636363636364,37.1951217651,140.8235872329779,57.051140786308366,455-1635
38.34767187638906,67.3399963379,21.160775667017383,0.6417119703817095,6.655155140958921,0.12974683544303797,23.443037974683545,407.4367088607595,36.5853652954,120.64412586520054,65.50206110023163,455-1635
41.18031888029562,66.1699981689,15.146320671988914,0.7876660899515149,6.425102825614549,0.0,23.5,399.7716894977169,34.2682952881,75.79340153629495,97.65958028265891,455-1635
54.155569362857214,72.8499984741,25.131601661899797,0.35211744213270324,4.767627109222693,0.1511627906976744,27.5,791.0852713178294,63.5365905762,61.81494792069964,222.01593669649523,455-1641
30.18993450368272,55.2599983215,18.286464758244264,0.5577106888637113,7.525112774994618,0.060790273556231005,28.311550151975684,708.0547112462006,62.6829299927,160.8142330325845,84.19349844288843,455-1641
49.41300617093956,66.6100006104,19.21338738415942,0.2241900513884166,2.141627813596894,0.09803921568627451,28.5,645.4248366013072,61.8292694092,71.90425630722973,185.73479343592612,455-1641
36.12058039875651,52.0399971008,19.573282414162147,0.6913974255648158,7.437667275002383,0.23893805309734514,28.707964601769913,551.7699115044247,60.7317085266,95.30711239423242,137.6397701305181,455-1641
41.46665488125286,69.0499954224,21.50663257215759,0.35479826528996966,3.087627519013869,0.07784431137724551,28.711077844311376,522.754491017964,60.4878082275,87.87139838450099,148.6873637764311,455-1641
73.09553368844733,90.1399993896,23.736771040042377,0.3056063370069788,1.6801992478439336,0.02295918367346939,32.76275510204081,1149.234693877551,70.7317123413,196.25535129628935,77.84781288666785,455-1648
70.45870066814366,92.9199981689,25.641333545805555,0.45707746454758263,3.6466282709915068,0.05042016806722689,31.189075630252102,1008.9635854341736,67.3170776367,51.020163037597996,284.994949130444,455-1648
60.21072207741558,79.9799957275,17.348072412261768,0.3268569481829516,1.5665650680351628,0.012755102040816327,31.363520408163264,897.9591836734694,66.8292770386,84.22496882481614,171.3877017914006,455-1648
59.21263026200377,84.6699981689,26.231421938358555,0.5455063667314598,3.336776510009578,0.05,31.38684210526316,764.2105263157895,65.0,157.26825504909283,89.27421491144081,455-1648
77.6996922334687,109.36000061,30.928191621672255,0.556442041773617,0.9705243859392433,0.007594936708860759,31.241772151898733,808.6075949367089,63.1707305908,47.33131703055711,288.2843466790426,455-1648
41.532756281486904,74.9599990845,23.531258236221614,0.7996735250180099,7.070393964140392,0.14736842105263157,29.40701754385965,895.7894736842105,100.0,154.29192303758347,139.99436635927162,455-1652
25.990790155322095,52.8799972534,15.164526461769023,0.4071734946478835,11.835661530267167,0.19172932330827067,24.077067669172934,466.16541353383457,100.0,172.81997348398127,124.98555325841494,455-1656
31.66018801364453,43.0299987793,17.68177983684907,0.7609652656481561,3.780765424045909,0.3652694610778443,23.99700598802395,423.65269461077844,100.0,267.9808574538742,80.60277217270217,455-1656
39.55106571833324,56.9099998474,17.43436492904324,0.8824894892760203,6.246833908495069,0.08256880733944955,23.26452599388379,400.0,100.0,82.63727259509443,261.3832635284993,455-1656
45.03697080847183,60.5999984741,15.805677764502205,0.4472563783544686,1.9503142011327772,0.06885245901639345,23.475409836065573,368.6885245901639,100.0,128.06182812868013,168.66852766068365,455-1656
44.44820874792352,59.3799972534,10.930909245065104,0.27195303816715977,2.506789566957476,0.017587939698492462,23.810301507537687,405.90452261306535,100.0,54.665485612036846,395.13048787851386,455-1656
35.40696271904146,52.0399971008,13.811160862419298,0.3994737116424715,3.799960650739585,0.09191176470588236,24.43014705882353,416.3602941176471,100.0,214.61436819366284,100.64563794959282,455-1656
26.552180634244667,68.75,17.88787003786803,0.5173222576670378,6.195809919862746,0.03870967741935484,23.5,250.0,98.414642334,151.8522135609462,139.98849437655537,455-1656
51.714402591782665,65.3099975586,17.59088948265928,0.2811754878699279,3.793983475256193,0.02967359050445104,23.838278931750743,250.0,98.1707305908,142.85191417630713,148.43957765551426,455-1656
54.438824003268856,70.6500015259,20.068409911054047,0.3005186875473641,3.400132984956046,0.04120879120879121,24.270604395604394,302.1978021978022,95.6097564697,85.61778307945087,241.20815389825034,455-1656
49.32207545817699,71.2099990845,16.988136110476173,0.46672100080647533,5.310454160718269,0.013477088948787063,30.42722371967655,600.9433962264151,42.317073822,100.89311020678576,90.59575948068293,455-1661
71.84060913551909,86.6800003052,10.611421154639224,0.234998430780977,1.0153462658757149,0.0,32.0,961.0687022900763,86.0975646973,117.85806899216769,157.79211498749973,455-1675
11.38381130773463,34.5400009155,6.296286011670316,0.6153287253920158,22.91642198655884,0.15570934256055363,31.323529411764707,900.0,82.9268341064,80.24953784509763,223.20622209136667,455-1675
42.597552853082924,68.3600006104,25.63729065315504,0.6885362573501903,6.396390783674278,0.14338235294117646,31.174632352941178,921.875,82.5609817505,81.76601521577008,218.10005062676143,455-1675
22.749578375564116,48.8699989319,14.75407043023057,0.7025514550455428,3.105941117509114,0.40993788819875776,31.596273291925467,940.9937888198758,81.341468811,372.98740853363523,47.10549702535493,455-1675
56.256517877268905,76.4599990845,22.331081448088305,0.26722237572166446,2.981726038692371,0.047752808988764044,31.926966292134832,901.123595505618,80.7317123413,108.1916016249177,161.17748146640457,455-1675
37.98043206545331,62.8799972534,20.828719348701007,0.3899803228963494,4.081798667982105,0.1476510067114094,32.38590604026846,925.503355704698,78.1707305908,174.91178433562132,96.53367765784174,455-1675
41.920058741500476,67.6999969482,20.359010596981573,0.5330770110810851,2.471533397941364,0.031791907514450865,32.388728323699425,935.4046242774566,77.0731811523,149.63316503188847,111.25746839177644,455-1675
30.955251419241684,51.9099998474,16.913608725931518,0.3474853128482886,8.58054368909644,0.08461538461538462,30.51923076923077,1062.6923076923076,74.2682952881,121.59378459341941,131.9306890222231,455-1682
38.153308461891754,72.5699996948,26.494056203513324,0.38698676493229894,3.5666602108119614,0.09740259740259741,30.5,753.4090909090909,73.1707305908,130.27839723304075,121.31618244689629,455-1682
43.246729018568665,66.8600006104,24.568291313192574,0.5752142285654022,4.560804358748181,0.12624584717607973,30.142857142857142,741.1960132890365,72.1951293945,98.9807402149973,157.5472957197507,455-1682
46.22432836090296,64.3199996948,17.008791014881893,0.4826682474316432,2.3069035541216465,0.04093567251461988,29.63157894736842,647.953216374269,71.2195129395,120.6985996299182,127.45313402226775,455-1682
43.467847148076075,60.3400001526,22.831274923062665,0.565292420678118,5.9687883458412365,0.21782178217821782,30.997524752475247,621.2871287128713,64.0243911743,121.03922390928183,114.25443791686698,455-1682
49.89045758933088,77.9300003052,19.056888146700544,0.6431072147789015,1.607390197472408,0.018018018018018018,31.486486486486488,748.4984984984985,63.1707305908,163.78076546510377,83.31184537368686,455-1682
44.491177637236675,63.9499969482,18.7286269403321,0.4439537183853006,3.0918494676715564,0.05084745762711865,30.63728813559322,674.4067796610169,61.4634170532,60.42869837211063,219.69856113297408,455-1682
38.20780314142591,57.3899993896,18.744299328490897,0.5267337636803306,8.11531570119627,0.0778816199376947,30.0,622.5856697819314,60.3658561707,86.12303935656037,151.39996254530652,455-1682
31.94976533644274,49.7999992371,17.286655297795036,0.609374408226313,7.99365667927354,0.16176470588235295,29.90686274509804,724.2647058823529,59.024394989,194.57566202525732,65.52345336987241,455-1682
25.95694633711544,45.7399978638,15.054775854508499,0.5671411287915361,9.480203273483143,0.13409961685823754,29.18007662835249,773.1800766283525,51.2195129395,67.06597435605987,164.96315607367816,455-1695
13.598612352601503,31.0999984741,9.083781413524278,0.6112906305504282,8.83292637590642,0.2445414847161572,30.0,682.3144104803494,50.8536605835,392.38483282739804,27.99392271838348,455-1695
15.958680933649065,33.0299987793,10.179969959973336,0.26126726490446456,6.7211667943955,0.2052401746724891,29.934497816593886,669.2139737991266,50.365852356,67.60210418042529,160.9273001304907,455-1695
20.452044116522003,40.6599998474,12.340997278912399,0.7638379288015344,13.304227027594425,0.10631229235880399,31.397009966777407,797.0099667774086,49.3902435303,232.9277639607771,45.80086298489193,455-1695
38.22755246497679,57.9199981689,13.925618931687918,0.2542319993584635,2.7549341053575085,0.04105571847507331,30.94574780058651,784.0175953079179,48.6585388184,80.71623724922533,130.21226884402705,455-1695
24.61918381596702,44.4199981689,12.660861851195392,0.20973625511971333,12.894493314050507,0.053691275167785234,29.859060402684563,605.2013422818792,47.317073822,135.84933649001047,75.23399237436504,455-1695
22.230520305533492,38.5200004578,12.377830323366005,0.46793428378325924,6.497011907301318,0.22267206477732793,29.85425101214575,761.1336032388664,45.3658561707,125.0039454712213,78.38972518773141,455-1695
37.72329085766954,65.0699996948,23.71793684436867,0.4213854018866157,6.4449899114003735,0.1044776119402985,29.634328358208954,666.7910447761194,44.6341514587,51.1278534582208,188.56603715932135,455-1695
37.62744354142107,58.1199989319,18.503553237635575,0.956053249238135,2.3826323274846213,0.10596026490066225,30.301324503311257,733.2781456953643,43.7804908752,210.1004256046535,45.00983756614411,455-1695
40.65297596165321,56.4499969482,15.452225110848687,0.5078519968562549,5.645871197797832,0.0335195530726257,30.171787709497206,709.2178770949721,42.1951255798,112.28904916727159,81.16683855484334,455-1695
34.220533346919915,56.8899993896,12.58951305996304,0.6442832543639464,4.956987225621052,0.02601156069364162,30.398843930635838,671.5317919075145,40.1219558716,86.36561948406748,100.34481915415829,455-1695
56.56122555176776,74.0299987793,20.515310995600757,0.36991702413871946,3.3251749286503114,0.021021021021021023,19.65915915915916,0.0,46.3414649963,93.47080019908863,107.08966241735884,455-1716
61.66458782595482,84.4199981689,23.62986422457486,0.7060668570008829,3.8884441473885225,0.04594594594594595,14.004054054054054,0.0,92.9268341064,122.79808850285568,163.45691054071756,455-1720
91.35737531024054,116.229995728,43.97762033247549,0.43477524829951547,0.9543983116890143,0.17582417582417584,14.402930402930403,0.0,90.6097640991,263.75217875282,74.2049189430491,455-1720
68.70804315439541,123.189994812,40.23924923781106,0.29873794731124365,1.936013089571091,0.02185792349726776,14.66120218579235,0.0,88.048789978,102.39202659560546,185.74237924170797,455-1720
53.39503352343448,68.2200012207,20.18567568459609,0.5253657766820219,6.150637900867407,0.09433962264150944,15.0,0.0,85.365852356,121.27977011841978,152.03709646622684,455-1720
14.11321860117691,29.3799991608,8.830634769314548,0.38915702426141824,11.98495758818065,0.11742424242424243,13.763257575757576,0.0,83.2926864624,122.17291234375158,147.260304520346,455-1720
40.05393584980244,64.439994812,16.31750810496163,0.4957521158572537,3.340436778509343,0.03867403314917127,13.51657458563536,0.0,82.9268341064,92.45019827597585,193.74967821607225,455-1720
53.2516247799724,69.4700012207,24.08465809018406,0.8278474437283648,7.580315091858738,0.11191335740072202,14.0,0.0,81.9512252808,104.10023432003345,170.04250543983898,455-1720
81.28638555826163,113.049995422,34.30613757078909,0.7165277958837477,0.953303134048611,0.0335195530726257,14.053072625698324,0.0,81.0975646973,222.31015656983715,78.79565308620498,455-1720
99.81424029186113,115.689994812,19.00963979641088,0.028540997044674447,1.0905286941996972,0.0,14.772727272727273,0.0,77.0731811523,42.199633573397904,394.5012247545049,455-1720
49.27846977980581,69.0100021362,18.278431327058822,0.8799618667816694,4.198388732773064,0.04941860465116279,18.316860465116278,0.0,73.0487823486,50.633631905024586,311.6216710840336,455-1722
45.75502454139847,76.0899963379,18.902021195900804,0.6592369713387197,4.282061999650611,0.017543859649122806,19.49624060150376,0.0,45.1219520569,127.0196662149249,76.73096564274547,455-1727
48.43413261004896,67.1399993896,17.211163121123676,0.44155177817672775,3.3113505075401983,0.03519061583577713,24.14222873900293,300.0,93.7804946899,100.22823828962574,202.10458847419534,455-1735
31.0088807388921,48.2299995422,14.001724056610389,0.6270748179904291,9.832990247798257,0.08099688473520249,24.252336448598133,300.0,92.6829299927,151.40688815485208,132.22326356742863,455-1735
36.291727612048426,55.7299995422,13.716273040308309,0.4328107424451758,3.573642749107799,0.04424778761061947,24.5,300.0,91.707321167,56.56016460320355,350.2249597581623,455-1735
36.56987896337649,61.2599983215,18.005100477393572,0.8727401596797527,4.251673735459036,0.061971830985915494,29.946478873239435,647.7464788732394,73.7804870605,111.91824868180318,142.39487655295247,455-1738
40.81298706350828,60.8799972534,17.0582860207959,0.6530115529599763,4.952956828197706,0.1003584229390681,29.374551971326166,853.2258064516129,71.707321167,186.31823570114904,83.13078595761134,455-1739
48.73436249819954,66.2699966431,8.994283787502225,0.2204283417083211,2.685360025447897,0.0,29.445454545454545,784.3181818181819,71.2195129395,30.89044077332782,497.99920007016294,455-1739
51.59452668851609,73.2699966431,22.90080663543792,0.4718147674742434,4.907183999594542,0.08902077151335312,27.5,0.0,58.9024391174,64.9374197846913,195.92596828674385,455-1740
63.715294563266866,79.8899993896,21.587770190152686,0.25125466198282564,1.2968491276780343,0.0326975476839237,23.806539509536783,0.0,58.9024391174,98.04189949358431,129.77030142292344,455-1751
70.11297129166705,85.8799972534,20.647707722608924,0.32082401480586925,1.256418328369125,0.01856763925729443,23.0,0.0,49.1463432312,102.24840544385857,103.82176711565346,455-1752
47.434399979358105,70.439994812,17.290626875483593,0.6402717778344748,3.4347300158865823,0.02972972972972973,23.0,0.0,46.8292694092,91.10008150786773,111.03307510777168,455-1752
52.01855103899277,71.2900009155,15.122130510499822,0.27795798214155,2.6530550783566924,0.028645833333333332,25.010416666666668,0.0,62.8048782349,54.52378082921587,248.80618131069355,455-1763
52.28165216827051,69.5999984741,15.70489179386385,0.44038974766947736,2.248723600419001,0.010554089709762533,25.5,0.0,62.1951217651,38.51112011538368,348.83810860373245,455-1763
33.813890195325456,50.6100006104,12.597111596304172,0.35900088885815584,4.134393458665449,0.041811846689895474,25.5,0.0,62.3170776367,92.37178529128755,145.72078180670158,455-1763
32.25253043770928,55.3899993896,13.589835631470693,0.6941910497547938,10.360400666245077,0.05325443786982249,29.548816568047336,1190.0887573964496,55.2439041138,199.18181299874075,59.90849821542814,455-1766
44.33494183295597,73.1999969482,24.741817657814074,0.4224860813852496,6.109186762791587,0.12121212121212122,29.473063973063972,953.8720538720539,53.5365867615,139.73881085087362,82.753693623633,455-1766
27.924647755922106,57.1899986267,11.41337020457693,0.5395821909858814,9.760180416352727,0.030303030303030304,29.72159090909091,925.9469696969697,53.0487823486,57.120300110583976,200.60358515473587,455-1766
54.60956514489913,77.8099975586,22.1844083811424,0.3503863776522665,3.790985337426658,0.0,34.452806122448976,1299.7448979591836,69.0243911743,122.40036287103032,121.80738801696414,455-1779
54.807797246648256,78.439994812,22.718821417356036,0.8114799250348825,3.1732311157846858,0.03826530612244898,33.357142857142854,676.9132653061224,67.1951217651,151.6760024896697,95.69177762480997,455-1779
39.938088647641884,61.0099983215,15.883109892126479,0.5157632192139735,2.8821971636900345,0.045584045584045586,27.74928774928775,512.2507122507122,100.0,119.820988838249,180.26891790351254,455-1782
35.20757302612512,54.4499969482,16.584846124090856,0.33503004840739353,3.294345349662156,0.10818713450292397,22.084795321637426,310.67251461988303,95.3658599854,68.30160426896802,301.5891936553723,455-1784
29.236218494575404,46.7799987793,14.528292071000958,0.8701221541887031,5.290694648699992,0.10443037974683544,21.84018987341772,250.0,94.2682952881,120.00146416078225,169.6808611847263,455-1784
53.61169033144975,72.0499954224,12.226884055660616,0.4432124245507991,1.99367487109418,0.0,22.3681592039801,0.0,100.0,132.39643750196754,163.14638375129243,455-1788
50.773417304647126,76.1100006104,21.763308148053877,0.7138989518489116,4.842370044020944,0.08333333333333333,20.0,250.0,33.7804908752,150.16425310116622,48.59069904025336,455-1790
39.919640140045594,67.9700012207,14.360834808446471,0.4792058552124543,5.381326912881189,0.0,20.0,250.0,32.8048820496,61.250241980588626,115.68696373410646,455-1790
71.78749002639374,92.1199951172,22.80927956014748,0.3637018834492143,1.5846275855089882,0.03194888178913738,24.80031948881789,270.60702875399363,91.2195205688,128.55484640757842,153.26856196764328,455-1793
51.06708334656882,81.2200012207,21.997058927848325,0.4505250929086201,3.6300681413466576,0.015113350125944584,25.0,287.1536523929471,89.0243911743,111.06691314481782,173.13228529702778,455-1793
61.20553068150894,76.8799972534,18.195062184004428,0.5944717338597432,1.60745203983208,0.025906735751295335,25.360103626943005,0.0,83.4146347046,110.44497130738971,163.13609286969933,455-1795
64.52416027191161,82.9700012207,22.316946744551643,0.6949099793201658,2.929105799498115,0.02981029810298103,24.369918699186993,0.0,80.3658599854,139.91354271638738,124.06966059057001,455-1795
66.32456060917785,87.2399978638,18.776267106283935,0.2672447362187831,1.395615713715359,0.0,23.0,0.0,66.341468811,106.23156012362273,134.8917143502394,455-1795
51.674402995434036,72.9499969482,21.064764318667404,0.6197023835189326,3.3581547264411813,0.04455445544554455,23.195544554455445,0.0,64.2682952881,81.32408891602344,170.69913683956946,455-1795
46.059319775779876,58.8899993896,20.291041954622187,0.4882568930831031,4.4321445657163165,0.14285714285714285,21.24867724867725,0.0,61.707321167,125.6852080754447,106.04892633086283,455-1798
33.744803872187596,58.0,14.646027100818092,0.3100183053417096,8.359205738524768,0.03763440860215054,20.927419354838708,382.7956989247312,61.3414649963,122.38284879528906,108.26481463398349,455-1798
24.701793144635516,43.1299972534,12.930995345650159,1.053047394004561,13.47537175976321,0.1423076923076923,20.876923076923077,250.0,60.2439041138,166.49379572100608,78.15716635102834,455-1798
32.72654751472554,55.9899978638,18.758002387661882,0.7235122876417162,10.960469807015317,0.13215859030837004,21.0,250.0,60.0000038147,71.26537772611297,181.85549894624936,455-1798
40.037232497531335,64.5100021362,19.05054096465433,0.9371322512782625,1.6122208663650852,0.06832298136645963,21.049689440993788,250.0,59.8780517578,155.79719316744868,83.01599609553865,455-1798
55.88857026693676,71.9899978638,22.59032422418727,0.36216877829138283,3.1858593581141315,0.09205020920502092,21.430962343096233,250.0,59.2682952881,176.64920477470997,72.47104111539366,455-1798
57.18789901195029,72.2900009155,15.576906362803168,0.25515939010677513,1.6645813455078327,0.015503875968992248,25.757105943152453,419.8966408268734,70.1219558716,147.10526904973548,102.9626101505902,455-1814
43.54367160393316,68.9599990845,25.006012534076273,0.6864142805095702,12.951876019776426,0.23043478260869565,25.293478260869566,445.0,68.5365905762,100.10349720927663,147.88597778467343,455-1814
60.17078038845674,72.2900009155,18.880063438227197,0.5767870578089991,1.5051454410186524,0.046583850931677016,24.03416149068323,269.5652173913044,83.5365905762,89.26286470527818,202.14345152416166,455-1831
43.959710262310615,66.2600021362,22.905955003548875,0.3863897966340583,3.8121229387688347,0.11501597444089456,23.99520766773163,250.0,81.0975646973,75.23156268714312,232.8420858072967,455-1831
28.37199935204138,51.5900001526,13.832731423147251,0.3728164767097834,4.978491733549679,0.023746701846965697,24.427440633245382,260.55408970976254,80.0,212.1144359775594,81.46545953066642,455-1831
27.895858342427577,48.8299980164,14.110841459492425,0.6407549100173829,12.93387843407568,0.15613382899628253,24.96282527881041,300.0,77.6829376221,189.7222187025901,88.44253794373597,455-1831
28.310319979981415,43.1699981689,15.69536275520116,0.5029631209366706,5.984016703797336,0.23529411764705882,26.29656862745098,409.80392156862746,75.1219482422,73.86453493182,219.6770186841734,455-1832
45.26652856473566,63.3400001526,14.94336797238215,0.3833784180778646,3.0974504117711184,0.020151133501259445,26.643576826196472,604.5340050377833,74.8780517578,112.62305504356772,143.6087768479384,455-1832
48.410096298775315,62.5299987793,23.262147631601625,0.49765428435914233,9.536584999446355,0.20233463035019456,25.98249027237354,546.4980544747082,73.5365905762,126.06397557675533,125.998751759087,455-1832
67.29549217706987,82.0899963379,10.51468707019976,0.28932148923978024,1.485993601734005,0.0,31.5,1007.7215189873418,52.8048782349,101.36964462891011,112.51744780690994,455-1840
60.82677299130263,77.7900009155,21.781982781316874,0.4422704216637453,1.46980625674254,0.054878048780487805,30.778963414634145,702.2865853658536,50.365852356,116.5302881856784,93.35790958966352,455-1840
12.050457839754733,24.3400001526,7.417440294173248,0.2886937096639432,31.412509164549903,0.23837209302325582,31.348837209302324,665.4069767441861,48.6585388184,285.109610810733,36.863872651951795,455-1840
44.918326218319464,61.2299995422,20.747668721369397,0.25913599190566616,4.310908831498897,0.12040133779264214,32.66220735785953,673.9130434782609,48.2926864624,134.3033847557827,77.66907956077603,455-1840
50.54710802063062,73.5100021362,24.799405867811785,0.6032125717876291,7.60883188229964,0.10175438596491228,32.835087719298244,730.1754385964912,46.9512214661,99.04723438229854,102.3901767669149,455-1840
38.78055050617465,55.7799987793,22.885176470400545,0.39921200016283925,7.760808552305488,0.18064516129032257,32.91935483870968,700.0,45.9756126404,183.11893509815846,54.23105111988099,455-1840
56.48104615211533,73.7799987793,24.02220668924063,0.44416143831468924,3.4197927119394453,0.11392405063291139,22.373417721518987,652.1097046413502,100.0,130.09979332652514,166.02639748848952,455-1859
38.177064695247346,61.9199981689,15.266535347054019,0.5320648727900839,4.7984048615303205,0.04619565217391304,22.335597826086957,250.95108695652175,100.0,94.14496548842828,229.4334050465496,455-1859
85.7514852059187,121.829994202,31.727571115373415,0.3576262349065504,0.967203025916329,0.01015228426395939,21.66243654822335,250.0,100.0,202.9040363463453,106.45426473000303,455-1859
85.84209447270779,119.119995117,38.86356410337918,0.3873511922766622,1.4658716169087507,0.027548209366391185,22.110192837465565,250.0,97.8048858643,122.96365454621377,171.80568863744213,455-1859
50.646111735476815,63.4899978638,18.45151289874547,0.4142467327501419,2.658855973385159,0.07668711656441718,27.265337423312882,500.0,60.3658561707,117.48648519874611,110.98319020110034,455-1869
40.414191688810746,61.7899971008,16.482768276044343,0.31410880721677814,4.064023644671653,0.030120481927710843,27.0,398.644578313253,58.9024391174,99.978878485448,127.25614691917384,455-1869
26.283512893887245,45.8799972534,16.557939769989144,0.3275492870267918,13.965783000541554,0.2025862068965517,30.260775862068964,762.5,90.6097640991,99.46211597042533,196.77551452077665,455-1877
25.161236498771856,53.2799987793,15.51835885383161,0.5458814205669773,14.344891506869471,0.21774193548387097,29.5,416.1290322580645,87.8048782349,204.9747276332697,92.52776631405573,455-1877
52.100655204056594,70.1500015259,18.810022235587414,0.308053553065516,1.669062094841207,0.06432748538011696,24.73391812865497,0.0,70.9756164551,115.15756281524955,133.128322443721,455-1886
39.00712983581145,59.2999992371,15.720863695400539,0.3453280505529984,5.431741577030121,0.03296703296703297,23.71978021978022,0.0,69.5121994019,45.62203471811774,329.10928159124137,455-1886
33.86196501030722,59.9799995422,20.250982715839058,0.50047067390857,7.400342976101554,0.13011152416356878,27.95353159851301,391.07806691449815,74.8780517578,129.62268809045997,124.7749095312517,455-1902
50.68833226736176,63.9300003052,18.268938711201574,0.35153543514620034,2.7265139344427123,0.06666666666666667,24.823809523809523,0.0,100.0,148.5400292823119,145.4153476632721,455-1913
44.232271755283634,65.5899963379,21.00020548560552,0.49652751576181536,7.499496988899345,0.08333333333333333,25.0,0.0,100.0,56.27950027590467,383.798717012556,455-1913
51.76939010619739,71.4300003052,15.58762805775225,0.46886313802368795,3.0228949291901035,0.0,31.5,1204.3478260869565,81.707321167,155.35736730224193,113.60118724036407,455-1938
58.99584185384011,82.6399993896,19.798731454207605,0.5797126744104182,3.0596502680796207,0.022727272727272728,32.95170454545455,1324.715909090909,74.1463470459,107.44269409845394,149.06188918940055,455-1940
47.76165476402809,82.5899963379,22.396919056454824,0.7462622603165521,3.818618331311976,0.07784431137724551,30.365269461077844,865.8682634730538,69.634147644,174.08615025823852,86.39961231144632,455-1941
41.71356048203735,56.2999992371,15.728584591787387,0.27588826762546603,2.3180132848064017,0.022284122562674095,32.5,1000.0,64.3902435303,102.37824343061493,135.8520339526132,455-1944
32.27101744911818,45.9099998474,14.170584973402436,0.6602724774570716,3.947710639976085,0.06462585034013606,32.37925170068027,715.4761904761905,63.6585388184,117.4297097602012,117.09340347390159,455-1944
45.36875794212542,67.6999969482,13.491749948297736,0.4008597640365023,3.769442386250145,0.0,24.5,382.4582338902148,58.2926826477,104.35655155840537,120.65576395418026,455-1946
89.23288500028303,123.479995728,35.333667701699554,0.5515199381649962,1.0742555507612124,0.01038961038961039,24.327272727272728,288.4415584415584,56.9512214661,189.52777683575601,64.90586257094124,455-1946
77.03632495357056,111.489997864,42.08167296771545,0.4507278982901513,1.0276557274615088,0.03651685393258427,25.007022471910112,259.41011235955057,53.5365867615,98.34470049473855,117.58541825141526,455-1946
55.24418238231068,68.2299957275,17.383813602994607,0.39840113877457123,4.577398882326089,0.05466237942122187,27.2475884244373,684.2443729903537,46.5853691101,117.60478620004768,85.56148140659192,455-1956
46.02446780584027,80.6699981689,26.80454706967592,0.6566068716389816,4.920314505315131,0.15671641791044777,26.5,607.8358208955224,43.7804908752,48.48051709517659,195.05951247339422,455-1956
24.869483237111613,57.5599975586,18.246820087878927,0.8699565207292566,12.585451116933486,0.2757009345794392,26.976635514018692,445.0934579439252,42.9268302917,241.1906840218163,38.443422392585056,455-1956
84.03658769069514,115.419998169,30.038431384964557,0.41996240339819296,2.083882923348303,0.0,27.0,340.12820512820514,42.0731735229,170.04428185382173,53.443758189756224,455-1956
88.33036126770256,119.11000061,33.39842650978032,0.28261828954971485,2.446732681839853,0.032432432432432434,27.227027027027027,399.3243243243243,36.707321167,116.5132840833698,68.05044965000427,455-1956
50.72822799719708,70.3799972534,16.467608253529463,0.5106227113416989,4.17377205996771,0.022900763358778626,29.5,1135.6234096692112,22.8048801422,132.63781149828193,37.137631080251985,455-1958
40.28256251912881,62.6199989319,16.64617614562028,0.6808653138579899,3.4936739968206734,0.04825737265415549,29.34048257372654,1094.6380697050938,20.8536586761,154.91632504827516,29.076278904976206,455-1958
16.61648179514672,29.8799991608,8.217193397024554,0.378744176422347,22.674447138374827,0.1423728813559322,28.250847457627117,750.5084745762712,100.0,158.23895908455984,136.50241460737476,455-1962
14.248776205042924,26.6599998474,8.713703646199995,0.586648222702064,12.007186645356594,0.25396825396825395,28.349206349206348,586.3095238095239,99.5121994019,230.61651373945872,93.20509933254031,455-1962
19.03123031762692,36.3199996948,11.262335189175232,0.5418967537742755,4.780918150861048,0.4628099173553719,28.66115702479339,648.3471074380166,98.2926864624,370.40912851577076,57.31829655751706,455-1962
31.799874258040155,59.2899971008,16.29295767950006,0.44145522501224743,7.620601079329406,0.06432748538011696,28.58625730994152,358.7719298245614,96.2195129395,115.98245778306867,179.19446778585166,455-1963
49.38319889848822,67.4099960327,22.008976411216857,0.5501235848886933,4.706421339232431,0.0924092409240924,28.034653465346533,394.3894389438944,94.7561035156,193.54874689089178,105.74761494533227,455-1963
50.269738833697545,71.7399978638,22.877108570408186,0.6162866623561307,3.7426671577363937,0.10927152317880795,28.369205298013245,403.3112582781457,92.8048782349,131.96800712656056,151.89934390320778,455-1963
23.96064012163805,41.6299972534,10.664750525854283,0.9099696715308152,12.50242747586214,0.04521276595744681,25.5,757.4468085106383,63.7804870605,252.44011923256414,54.57367571743269,455-1969
27.584081099956666,41.9799995422,11.472770591087436,0.6703047650423933,11.667585656045333,0.057692307692307696,25.5,543.4294871794872,62.3170776367,94.07568023490539,143.08149285677857,455-1969
37.55136113013018,58.3199996948,18.17105137093724,0.8876750080288164,5.800612947212223,0.09120521172638436,25.884364820846905,407.328990228013,61.707321167,207.41956602576167,64.2600002856845,455-1969
43.55564951630546,67.2999954224,21.428727117145954,0.660147832607188,6.773793983621859,0.10333333333333333,25.6,361.1666666666667,60.1219520569,132.70567839497164,97.85822130112004,455-1969
32.673317226295275,63.1800003052,18.267472261514637,0.4900156594327753,10.071226569431408,0.11570247933884298,25.964876033057852,303.7190082644628,58.5365867615,98.67864233555154,128.132110872473,455-1969
54.40088478523089,76.3699951172,26.44274234798735,1.0587200126850937,2.532924746160977,0.11731843575418995,26.019553072625698,339.10614525139664,57.9268302917,123.06189199256366,101.67400436004417,455-1969
43.70484033653211,63.8599967957,17.337759852670988,0.3934976288426337,3.894740397412871,0.0,29.904761904761905,400.0,53.2926864624,105.88320893380259,108.71620148077614,455-1970
32.80936520739142,59.7899971008,23.03047862007372,0.5961215712791537,2.1428433862380407,0.19921875,28.8359375,384.765625,53.2926864624,110.91886601907039,103.78054418532608,455-1972
69.87388340273208,86.7699966431,9.771850190797652,0.1598923360899523,0.6432691898077597,0.0,31.293233082706767,624.561403508772,67.3170776367,95.47697092384917,152.29315120527286,455-1984
47.609510393069094,70.6500015259,23.74213145554482,0.5238080083061287,4.402858925343237,0.10738255033557047,31.0,1181.0402684563758,65.4878082275,55.40702082534262,255.29917267578568,455-1984
58.46752898233204,76.3399963379,18.577599198299584,0.42644987145020646,1.7433864724370047,0.03768115942028986,31.769565217391303,1100.144927536232,65.6097564697,126.47867120397184,112.04819960988144,455-1984
19.902166283137834,38.9599990845,13.090906524135894,0.9472749145456713,39.324262900187286,0.4827586206896552,32.4698275862069,1163.7931034482758,64.0243911743,449.6334895320984,30.756758149932157,455-1984
47.40395233981786,66.0199966431,21.512980476986815,0.45522644284637,3.460012488231564,0.09473684210526316,33.72456140350877,1090.877192982456,63.5365905762,158.60354574311935,86.52961382519773,455-1984
66.71274054434839,77.4799957275,8.808636686957088,0.3795039927897366,0.4340029773474851,0.0,33.26411290322581,1073.3870967741937,61.9512214661,165.16585627476033,81.01834203806006,455-1984
63.063550880045554,82.1699981689,22.19425262501369,0.37122904272020996,2.4765958214565815,0.03430079155672823,27.233509234828496,756.8601583113457,94.8780517578,187.9532138258218,109.0359603995731,455-2007
77.6721062880889,93.3499984741,21.98423957361433,0.3524275152466439,2.26978936389606,0.020151133501259445,27.5,689.9244332493703,91.0975723267,78.64284637519349,250.208080321645,455-2007
61.29086727468118,90.4599990845,27.298249653597765,0.6080616284065712,1.5599819127484302,0.02313624678663239,27.5,389.4601542416452,89.1463394165,184.01740591580366,104.64015193635713,455-2007
60.55712301001811,90.0199966431,22.464602752544167,0.5750078684479838,2.0216123541310176,0.007712082262210797,27.0719794344473,307.32647814910024,86.7073135376,81.5973936427528,229.52669059650813,455-2007
55.87638441386846,75.1100006104,23.71899018577262,0.4405736442701309,4.833408396314841,0.06557377049180328,28.272131147540982,383.11475409836066,54.5121955872,82.23718653254038,143.17895277431583,455-2013
35.20979917239744,54.5099983215,18.06722164988348,0.8405402325543194,6.015487275876733,0.140893470790378,28.47422680412371,329.89690721649487,53.0487823486,114.0464989286397,100.47250108455628,455-2013
97.88728717252364,122.029998779,31.279783050473178,0.4355194738603436,0.2972977654895422,0.015544041450777202,28.67616580310881,397.92746113989637,52.1951217651,202.2474954814426,55.74430612564034,455-2013
83.55783282655223,113.13999939,33.40690440365468,0.29800174547429076,2.7417186828449633,0.019553072625698324,28.5,573.463687150838,48.4146347046,98.07836033399609,106.62455062035517,455-2013
76.46305986875959,113.790000916,30.604776131061453,0.4767664979633854,0.3610908339967128,0.012594458438287154,28.104534005037785,473.551637279597,40.8536605835,143.74321285516834,61.38996416427126,455-2014
67.01044512859428,108.659996033,29.665473406145843,0.2639020318014034,3.690835395588435,0.0,28.167493796526056,656.2034739454094,37.5609741211,72.19779735013606,112.37420957333833,455-2014
52.99676094963742,83.3499984741,23.623746241576384,0.6003674698900567,3.238867170841025,0.10511363636363637,28.03409090909091,387.5,36.0975646973,115.47374933756073,67.5224803849043,455-2014
45.01915362146065,71.3899993896,17.071162755201666,0.27343492603953656,3.6788123123384064,0.0,28.0,393.4782608695652,34.8780517578,91.11955205716022,82.67884344908609,455-2014
40.29189333676468,63.9399986267,21.552722607074912,0.49988079903859023,3.6809177820202237,0.042666666666666665,22.136,250.0,90.0000076294,105.86367832696476,183.63240305999076,455-2021
53.57656363700815,73.8199996948,19.290944327179353,0.5551634357290627,3.061648386296613,0.01634877384196185,22.0,250.0,88.9024429321,78.15219544710716,245.7119414684902,455-2021
42.588357195926804,67.8399963379,19.665911847717684,0.47200173214809477,8.51278707542772,0.05099150141643059,21.53116147308782,250.0,87.3170700073,148.9725476621085,126.6037764511831,455-2021
47.24452587858667,74.5699996948,27.8282638927238,0.6711067148155883,5.164716914417931,0.196,21.59,250.0,86.4634170532,76.93682172963342,242.74590064457794,455-2021
96.91997232025062,132.129989624,25.157226924699987,0.3989679988470172,1.0399765347113503,0.0,26.323155216284988,518.4478371501273,69.0243911743,227.44779459250495,65.55028823365916,455-2025
88.0535877032136,114.829994202,18.303195228895405,0.35662953798498886,1.3654736083062775,0.0,26.0,598.2051282051282,62.5609779358,93.21887386659891,144.9617515597845,455-2025
82.27202192940595,110.829994202,27.626862535218635,0.3984226914479944,2.211923594492845,0.0,26.311011904761905,550.0,60.2439041138,132.77371705617492,98.00646978253457,455-2025
55.19596220362771,75.3699951172,21.411160769466605,0.383449681671203,3.4210753536415397,0.05172413793103448,24.544827586206896,343.9655172413793,67.8048782349,42.875431021700315,341.5908213570092,455-2038
48.77638021581665,82.2999954224,25.506144711145193,0.39180634833976113,4.525078350138118,0.08982035928143713,19.410179640718564,228.1437125748503,53.9024429321,133.4510303351934,87.24494403744707,455-2040
11.687396447519175,24.609998703,7.553334392059194,0.2777063647843325,24.17865133674385,0.14487632508833923,20.30388692579505,247.1731448763251,52.1951217651,98.93301089602276,113.95737579553271,455-2040
13.183865188550337,32.9599990845,10.298171944489287,0.782226141120607,9.035174371584457,0.1793103448275862,20.5,250.0,51.9512252808,280.8048929871306,39.961784644426004,455-2040
56.59246361889868,75.5199966431,19.610257310525977,0.22515500614760856,0.5614311656053135,0.029891304347826088,27.472826086956523,554.3478260869565,100.0,138.6149679637364,155.8273274330003,455-2051
44.69233643864839,73.1100006104,15.424720466768548,0.38374966309659975,2.539285921353389,0.0,24.8855421686747,396.26506024096386,100.0,102.79295845707503,210.13112497408926,455-2051
108.76810180517748,125.529998779,23.545870286014555,0.25106863052087275,0.07862247136061735,0.0,24.162322274881518,290.2843601895735,100.0,196.4806227096258,109.9345050016568,455-2051
68.61402729434062,107.239997864,35.95640643770753,0.5569992901582936,4.685789018878999,0.07641196013289037,24.5,273.25581395348837,96.9512252808,54.324008582653164,385.49188852274546,455-2051
101.78512530912678,130.929992676,29.24184322192029,0.29003106557698977,0.8046221976859762,0.0,30.5,884.8214285714286,93.1707382202,220.7861474449765,91.15100602305063,455-2052
103.58145696468829,122.0,11.693731548053405,0.24446443885240826,1.2462083760115459,0.0,30.5,826.0765550239234,85.8536605835,144.90262008249354,127.97829794574189,455-2052
61.38173078550446,119.019996643,35.89342366977036,0.41831734633546136,3.670490725756463,0.02056555269922879,30.516709511568124,758.2262210796915,82.0731735229,93.11525005222352,190.3856293249902,455-2052
44.91306922728763,63.6299972534,21.863374713983195,0.29296454755239476,9.53733149813927,0.14285714285714285,31.0,879.8872180451128,79.8780517578,58.97751443184173,292.54639409438414,455-2052
30.875757942866073,45.5200004578,14.926474123635465,0.7933792394757007,4.97359177958773,0.11072664359861592,24.493079584775085,0.0,65.0,70.56664352296136,198.96085882888264,455-2066
36.578970800898865,50.6399993896,16.424644884708602,0.9007584745038562,4.196772660944505,0.11320754716981132,24.0,0.0,64.5121994019,113.1881539603258,123.11036608737966,455-2066
39.9433824030946,58.4399986267,13.223103531929016,0.6631542061125167,3.2627591021629425,0.0,24.0,0.0,63.9024429321,83.06573661341767,166.16872655414463,455-2066
45.66049758430094,61.5,17.11257189128094,0.3513464826516569,3.196869102411328,0.06060606060606061,32.289256198347104,1083.8842975206612,53.1707344055,58.73583459683512,195.53444180065915,455-2071
47.4723205098104,75.1599960327,27.518215015374754,1.0485399424246828,7.893026005908252,0.15789473684210525,32.0,821.6165413533835,52.3170776367,93.32720223718373,121.08461947469397,455-2071
44.439764820046165,66.7699966431,14.355133481008778,0.4026714655011436,5.61942101661407,0.0,32.0,750.0,51.8292694092,74.53047995740611,150.20864213923178,455-2071
62.84140989084436,79.1599960327,14.431398011893164,0.21894018532797435,1.6425632361775837,0.0,23.66866028708134,1014.3540669856459,85.6097640991,98.49388970354485,187.7447332120144,455-2092
11.578122220720203,30.3999996185,6.6653972154938845,0.7380680020344017,21.374404799994508,0.16095890410958905,23.05821917808219,294.86301369863014,83.2926864624,86.10585573790091,208.9430518017518,455-2092
28.911770168072554,64.9099960327,20.69618359992197,0.3863457987887291,6.074967955425679,0.007751937984496124,23.5,276.22739018087856,82.8048782349,39.41861518268623,453.74130003923557,455-2092
12.790567900645966,25.1299991608,7.965550131392236,0.5852143793542686,11.219975940600179,0.23478260869565218,23.754347826086956,324.1304347826087,81.9512252808,153.41473823116579,115.38307769348849,455-2092
18.114687055346252,28.359998703,9.818483135824088,1.4029348067381398,42.82951179135276,0.6595744680851063,24.377659574468087,305.3191489361702,81.4634170532,418.832398695102,42.01226585697029,455-2092
56.50695519622598,74.3399963379,20.14098094524063,0.47974984192544584,3.4913890240046794,0.050793650793650794,24.91269841269841,299.8412698412698,80.9756164551,118.15159164959444,148.03637352744573,455-2092
11.002426156224853,21.9399986267,6.5128404288597,0.3525905656750125,44.08987835439393,0.3165829145728643,23.79396984924623,250.0,78.9024429321,290.4420026540258,58.67928026110988,455-2092
16.985454286227725,31.6199989319,10.42562610757576,0.39261389330611474,20.40370781826172,0.3081761006289308,24.72012578616352,280.8176100628931,78.2926940918,189.61635563117076,89.18651488441955,455-2092
51.74527338571807,77.4199981689,24.92865265378926,0.4941879786114792,2.4979068207285273,0.14953271028037382,25.91588785046729,300.0,77.6829376221,190.55996456900058,88.05372400401473,455-2092
37.924783928785594,59.0200004578,12.335061904524377,0.39652157474391053,5.7776630057997265,0.0,24.932911392405064,277.2151898734177,75.8536682129,121.63670030036376,134.69941467934908,455-2092
26.32576134999462,42.8699989319,10.015715108113154,0.4742294211379805,8.04538937056909,0.03225806451612903,23.57373271889401,251.61290322580646,73.7804870605,48.51735215420819,328.4718661977873,455-2092
63.955247880608546,82.6800003052,19.46746928927382,0.33315367698324955,2.7098869702828003,0.044444444444444446,17.5,0.0,85.4878082275,94.99318726677825,194.38621977470854,455-2106
42.44884084846975,53.1699981689,13.17845366487322,0.41780641146498293,1.0006834402766893,0.03278688524590164,25.711748633879782,600.0,50.2439041138,94.07801899535087,115.35833135598993,455-2111
46.44259398270231,73.8399963379,23.503536082181334,0.6224613105560912,4.143495574116217,0.07871720116618076,24.224489795918366,0.0,95.3658599854,103.1511237468114,199.69754093428534,455-2115
39.801580643098276,59.7999992371,15.472011426790644,0.7629627222261597,5.752935100488783,0.044444444444444446,24.246666666666666,0.0,94.8780517578,67.20373217674181,304.9482300445413,455-2115
29.847691668149075,54.5900001526,13.53612444849353,0.9441808342988314,7.275483968866426,0.0658682634730539,20.0,250.0,62.6829299927,89.50696251123915,151.26770586950795,455-2125
38.28617934854742,55.8699989319,15.185263702689866,0.577007472654837,3.124538325750559,0.05571847507331378,20.0,250.0,62.1951217651,126.43697682419969,106.25172033289505,455-2125
30.73562616509793,49.7299995422,11.87767714190138,0.4900480723086074,6.8551287726846954,0.04456824512534819,19.75348189415042,251.949860724234,60.8536605835,146.98635738957844,89.42592305486957,455-2125
39.83100768298168,78.1100006104,27.82518230238648,0.566749821981379,6.597437200848894,0.10526315789473684,19.5,250.0,59.390247345,85.40484378640375,150.20568925344998,455-2125
41.56492390489135,68.2299957275,21.287299712642966,0.5032991500188727,4.009796304944225,0.10738255033557047,19.503355704697988,250.0,58.4146385193,118.77282329186545,106.23273549002987,455-2125
37.271298773455484,64.2200012207,20.202513485275436,0.8613234637143466,6.856334214649645,0.13166144200626959,27.5,623.8244514106583,47.0731735229,34.92378557340256,291.14270729831907,455-2128
26.15246049233811,49.1199989319,13.24467714020673,0.38410477807236987,4.339284653301705,0.017811704834605598,27.424936386768447,352.67175572519085,45.9756126404,195.14824958663118,50.88814453299977,455-2128
33.11331434871788,46.8799972534,12.446810076435348,0.48297238857916885,6.988155409299769,0.05154639175257732,27.0,300.0,44.024394989,85.39470414435313,111.35666330723878,455-2128
40.153305069280854,50.8699989319,15.985103158504522,0.3706780114166592,9.753112890798946,0.11552346570397112,27.140794223826713,300.0,100.0,106.67614434330244,202.48200882183585,455-2131
33.051477450912564,46.0,12.650043766788674,0.6434796342465541,10.32475687859112,0.07258064516129033,27.304435483870968,300.0,100.0,55.9411398304603,386.1201267164504,455-2131
32.20784747449424,52.1800003052,14.826876674817955,0.5437019859175444,5.086518992858492,0.05952380952380952,20.479166666666668,250.0,86.8292770386,79.421131007981,236.14778085259078,455-2135
33.13676798019585,46.0699996948,11.91170061305545,0.45964988492014947,5.9740555058955636,0.06962025316455696,20.707278481012658,250.0,85.7317123413,134.6344079296622,137.54321908107835,455-2135
29.570444506779914,47.4799995422,13.162568011585174,0.4101613278717231,6.260655531300049,0.05070422535211268,20.176056338028168,250.0,83.7804946899,158.09558302759297,114.46611288222985,455-2135
29.785741632800622,60.9799995422,19.16430240889982,0.5345865377976345,7.011300711029176,0.08896797153024912,19.202846975088967,80.96085409252669,82.0731735229,223.20796985840002,79.42281582594327,455-2135
37.98657160060217,61.9300003052,22.39221079521074,0.4477931011999534,7.099519007588908,0.0755813953488372,19.63372093023256,220.63953488372093,80.7317123413,116.23683302827604,150.02172212898108,455-2135
20.734166251288055,38.5900001526,13.695505151429144,0.523192823144757,16.37910964259846,0.37572254335260113,20.421965317919074,250.0,78.9024429321,192.53925269932117,88.51663977292299,455-2135
51.43420179685299,71.2699966431,15.976790515310414,0.7245317333846331,3.7975395345380494,0.03361344537815126,21.18767507002801,250.0,78.2926940918,118.3570278480164,142.88312431725384,455-2135
38.31256863640378,58.3599967957,15.705453463314782,0.4855216762128655,2.0744645079536124,0.04950495049504951,20.622112211221122,250.990099009901,44.6341514587,71.32916479888085,135.1617776860674,455-2142
36.557052187572516,53.5599975586,15.465049580320771,0.5317380314460382,3.370336982618266,0.0736196319018405,20.5,250.0,43.4146385193,134.05291166009457,69.9541830463676,455-2142
36.456776605539496,51.4199981689,9.761993955583096,0.27179483319919473,2.037080153517145,0.005089058524173028,20.5,250.0,41.3414649963,62.103974870600936,143.78719651691745,455-2142
29.529854495454018,45.6299972534,14.409644049331696,0.4805118460227338,7.663683667289395,0.08305647840531562,20.272425249169434,255.3156146179402,40.8536605835,90.42418364612826,97.58883442697068,455-2142
39.76646743975071,69.7099990845,24.996259863070893,0.4227555340828706,3.3674724632739026,0.08363636363636363,19.5,88.18181818181819,39.2682952881,87.77388277153484,96.63411842343957,455-2142
26.63986780455257,61.1199989319,17.535422375169443,0.3539508721938989,8.586450141248253,0.06172839506172839,19.70679012345679,0.0,38.1707305908,115.49607345182898,71.38665030938535,455-2142
33.187176275486415,48.8299980164,16.392215151074808,0.37827878884745514,6.49184281085837,0.19923371647509577,20.406130268199234,0.0,37.4390258789,105.6310125033481,76.55734237694709,455-2142
38.51418419976436,58.5599975586,19.058657485395106,0.5055231750512503,7.308617407514707,0.15925925925925927,20.5,0.0,36.2195129395,170.8249050338954,45.79785830046072,455-2142
56.625228129395865,70.75,23.03497915834398,0.4999181429101772,2.148754478942578,0.11020408163265306,20.573469387755104,0.0,35.7317085266,94.40406920690471,81.75546993456405,455-2142
44.18157650952299,61.6399993896,12.354441587010937,0.49274617918078606,2.8404557139351803,0.0,26.91042780748663,488.1016042780749,59.2682952881,86.73316067742358,147.60158262699994,455-2154
37.877552216779755,56.1899986267,17.757526305510254,0.6545907856953462,6.745493640143232,0.10759493670886076,23.917721518987342,422.3101265822785,100.0,151.2036922003972,142.85365446878458,455-2158
40.60620317069865,56.4499969482,19.153921580689197,0.4100402828288244,6.642944422053084,0.13732394366197184,20.760563380281692,270.2464788732394,100.0,147.7042059145011,146.2382189204768,455-2158
20.237296922788563,42.2700004578,11.846319252696844,0.3850952142096191,4.040997487037377,0.1328125,19.509765625,250.0,100.0,212.30172051551523,101.74199223421485,455-2158
30.656915719289163,44.2700004578,13.397103471086327,0.5033326249581723,4.982737601461502,0.10276679841897234,19.5,250.0,100.0,140.80105069361383,153.40794613104183,455-2158
32.93702466021983,54.3199996948,14.043370998270332,0.46691584970953903,4.440779152024748,0.027548209366391185,19.75068870523416,250.0,100.0,119.8978977531513,180.15328379210288,455-2158
26.991593573405474,42.0699996948,13.480554531646206,0.5290728898913203,10.846537862199066,0.0891089108910891,19.222772277227723,250.0,100.0,116.15694578571936,185.95530257696876,455-2158
43.66111681900538,64.8099975586,18.038418872992516,0.49825132663263644,2.0682381420236644,0.020710059171597635,18.687869822485208,250.0,100.0,195.82186288963027,110.30433313860496,455-2158
46.4055545688417,63.3899993896,23.625312484279934,0.20457704983320302,4.7311039515088025,0.23115577889447236,18.5,250.0,98.6585388184,49.144264773962696,433.6262732343259,455-2158
56.88170528554601,77.0800018311,17.352424075848155,0.4532628102161089,1.3408397522511613,0.011834319526627219,18.88757396449704,250.0,97.0731735229,115.94328174209559,180.8453682343339,455-2158
34.723276880674014,56.1100006104,17.925938463926524,0.6964409746323055,5.193028843461748,0.0911854103343465,27.417933130699087,585.5623100303951,69.1463470459,169.48838727130178,88.12173625799399,455-2164
38.49210178423998,63.6599998474,13.849665534871928,0.4098110660095844,2.675039228762136,0.012658227848101266,27.5,475.44303797468353,68.4146347046,134.82599573135218,109.60468725659302,455-2164
48.29382571162167,65.4899978638,15.468116688600292,0.42586544921723557,3.011222438386574,0.02981029810298103,27.5,325.33875338753387,67.6829299927,71.64655126993055,204.05047583300612,455-2164
51.92651871753009,70.8300018311,24.538525529491437,0.41569164040025575,5.11505016084226,0.15298507462686567,15.755597014925373,0.0,49.634147644,135.52230640672593,79.1085702078335,455-2170
43.91438990747085,62.2299995422,17.131872434249537,0.40355790782564865,3.1303539018093436,0.019444444444444445,22.525,569.0277777777778,94.1463470459,118.86457381296718,171.0821846205614,455-2176
49.386983744459805,70.0,23.490323451399114,0.3232484188550819,4.696444644765604,0.14224137931034483,21.88362068965517,418.5344827586207,92.3170776367,45.334236448036776,439.8549602215862,455-2176
50.21490941870633,69.6699981689,21.120172939239282,0.30243284074723614,3.989433448329197,0.06406685236768803,21.633704735376046,313.50974930362116,92.4390335083,64.49545542589003,309.58508790958365,455-2176
27.108158172685346,44.2599983215,13.85245593275277,0.6964143848273893,11.452144312663119,0.1289308176100629,14.88993710691824,148.27044025157232,100.0,202.65366614246807,106.58578456120763,455-2178
40.39128411149207,55.969997406,11.483102943722999,0.43508359510259126,2.3126400472640336,0.013774104683195593,15.0,152.06611570247935,100.0,131.68636338636264,164.02609537197444,455-2178
26.834736235224938,51.4499969482,16.976220015368312,0.45810298106971453,13.866592115504755,0.15120274914089346,14.70103092783505,99.48453608247422,100.0,74.38230716038673,290.39163780474075,455-2178
44.57557901618718,67.25,23.119193792156185,0.5413122356895994,3.0688433810561904,0.06997084548104957,14.5,254.08163265306123,99.6341552734,215.10723521775375,100.04766932766647,455-2178
56.202911508118696,73.2799987793,19.837885382087673,0.3310113729594984,2.329176390414551,0.060790273556231005,14.5,296.6565349544073,97.8048858643,125.23361476334745,168.69157204006362,455-2178
47.432290603716,71.3300018311,20.374691370761038,0.5610742949828623,5.721264202143994,0.05511811023622047,14.5,72.04724409448819,95.0000076294,78.18147890354624,262.46627635768135,455-2178
35.93991986153413,53.0399971008,14.041143943501586,0.4188891488186281,5.637203412927056,0.08695652173913043,20.284420289855074,108.69565217391305,69.2682952881,65.63148158373892,227.96913038051278,455-2188
30.497608048327933,44.2099990845,13.631249125563084,0.5170558896771765,4.5761499054715555,0.09508196721311475,20.36393442622951,0.0,68.7804946899,91.4189616756011,162.510999695411,455-2188
28.33274651097608,42.2799987793,13.471818827537005,0.679657276174089,5.309289037307147,0.09900990099009901,20.26732673267327,125.08250825082509,68.6585388184,122.35941358466408,121.20231660405038,455-2188
36.77186034079224,52.0799980164,13.287887771582755,0.3481110633837399,4.80966304334751,0.05373134328358209,20.5,250.0,68.1707382202,95.75839768715825,153.77115544131425,455-2188
30.575038172476205,49.5599975586,15.926542943368801,0.47172355347542766,3.9681899770091804,0.12542372881355932,20.722033898305085,251.864406779661,68.4146347046,82.86146073127827,178.34058156562784,455-2188
40.72948856864817,70.4300003052,27.306814770829,0.5579199872305388,3.788208179377936,0.2,20.740816326530613,273.8775510204082,67.0731735229,262.2633019176152,55.24145152987305,455-2188
41.840354259553905,69.8899993896,20.066649462454603,0.6268287524228061,3.497387839569018,0.024,20.704,300.0,66.707321167,125.27219793220875,115.01978579372684,455-2188
52.73015481730141,67.2600021362,24.611333259102995,0.546821285132381,1.5072651868741798,0.2,20.5,12.5,64.5121994019,85.72307569069372,162.55407261738247,455-2188
52.437169961237174,80.8499984741,22.8609858107192,0.33726540125880367,4.000132842762313,0.04205607476635514,21.0,300.0,61.9512214661,124.24397096508386,107.70312420582708,455-2189
16.895593685680492,38.6499977112,11.040501026332109,0.5052628304695864,6.718001701240612,0.17551020408163265,20.618367346938776,250.0,100.0,171.9877269616657,125.59035683292925,455-2196
37.714051337022156,54.9300003052,17.892051555973705,0.6674382065610978,3.586958679120056,0.2193877551020408,19.058673469387756,220.66326530612244,100.0,118.52942976500162,182.23322294576556,455-2196
37.937424394185,52.9799995422,14.540545582309896,0.5520316247810197,6.325721091809152,0.05649717514124294,18.586158192090394,0.0,100.0,127.60611675664707,169.27088253294758,455-2196
37.32472243959779,54.9599990845,12.916520586291647,0.5928069194386751,3.86811879519023,0.03900709219858156,18.0,0.0,100.0,86.6588848787176,249.25314963641662,455-2196
37.387985077846395,63.9300003052,20.059343003401988,0.43037841098410834,6.638393632885994,0.08116883116883117,18.0,0.0,100.0,95.82568812231862,225.40928662498354,455-2196
26.941074663590914,53.969997406,17.38803785368492,0.9290068774881428,4.735525169858798,0.16216216216216217,18.0,0.0,100.0,280.80920209985567,76.920556158694,455-2196
42.45526513599527,60.5900001526,15.658852185459038,0.4704428455072045,2.6906051812630616,0.032520325203252036,17.548780487804876,0.0,99.8780517578,63.02751688112416,342.2895307834316,455-2196
59.948127367742536,78.6399993896,23.85939298251826,0.5393354788259067,2.0522583733407664,0.0764872521246459,11.247875354107649,205.09915014164307,93.5365905762,127.5023523549458,158.4590651960273,455-2207
51.39621578003707,68.2200012207,18.124104764624654,0.3761954484067753,3.1111340888955383,0.07084468664850137,11.333787465940054,101.08991825613079,91.341468811,65.45279492571883,301.4349087088937,455-2207
48.53274096724704,66.0199966431,14.616233639187708,0.4378997516476624,3.5128690578116,0.03125,11.546875,31.770833333333332,90.9756088257,59.97375681573036,327.6555038352551,455-2207
30.07046323215598,46.4799995422,12.116667387210242,0.4800714928857108,8.225475656488653,0.03482587064676617,12.0,273.3830845771144,90.0000076294,130.3021580963595,149.19170896290422,455-2207
24.08030795867026,42.4599990845,10.724202765439024,0.45896206990885186,9.998583460424301,0.012690355329949238,18.0,101.5228426395939,88.2926864624,158.59582752955475,120.25045408161463,455-2208
16.35710341161481,34.3499984741,10.114468658471935,0.7029727878741455,15.156853610205461,0.22784810126582278,18.075949367088608,166.45569620253164,86.7073135376,141.75209117276916,132.1234809953861,455-2208
31.979896626104207,68.8199996948,24.61999665559209,0.7207927028086601,9.827846711475406,0.22,18.5,105.6,85.9756088257,101.38222880040017,183.17541176681937,455-2208
40.08058739565217,63.8999977112,17.815716757146717,0.49427369950751354,5.687340133116042,0.003257328990228013,18.5,200.0,85.0000076294,107.01500445663952,171.5647421702396,455-2208
57.517881011959766,77.3199996948,27.994907381794565,0.2849957468162445,1.7291523554089627,0.10526315789473684,9.555263157894737,196.31578947368422,73.1707305908,143.14257136051845,110.41353845605221,455-2220
92.62313835941538,121.949996948,34.50499252333718,0.32756250029791406,1.0250046873740455,0.03812316715542522,20.008797653958943,0.0,94.8780517578,247.90233297711728,82.66827880791455,455-2233
104.55289671053636,123.339996338,13.349381500128588,0.1351415818747985,1.2683589831784465,0.0,20.097051597051596,0.0,90.365852356,73.64948887657509,265.0259276287281,455-2233
57.14893549257981,73.8600006104,23.174232329087918,0.5604533688734522,1.4616349989006456,0.10247349823321555,20.5,0.0,86.2195205688,77.34703138483587,240.7773913157833,455-2233
29.324745092550174,45.6599998474,12.578509685515478,0.4955096316091383,6.79948080358048,0.08668730650154799,15.0,286.53250773993807,70.4878082275,165.64705294243123,91.91450319633157,455-2237
31.97432621167798,43.2700004578,14.898430757182085,0.3572105460213812,3.749662046728411,0.20306513409961685,15.0,202.1072796934866,70.0,236.11760723254025,64.03588524048136,455-2237
18.316504390489605,29.6599998474,10.429287110307786,0.6750074560224366,29.07948638015388,0.45789473684210524,15.0,319.7368421052632,68.6585388184,107.97329560203171,137.35103945919886,455-2237
24.80664264861247,39.4799995422,11.386323916767074,0.21171228205645104,6.04104870498783,0.12923076923076923,15.0,204.76923076923077,68.1707382202,104.25631342375502,141.2372927068041,455-2237
26.89961291281652,48.4599990845,14.026431267107597,0.2059789388955955,5.267503300556333,0.015228426395939087,14.668781725888325,201.14213197969542,67.5609817505,116.0132603100099,125.78882809699702,455-2237
29.429999410356952,50.7799987793,16.312744539294776,0.3333484965579977,1.9051685659314361,0.15845070422535212,15.0,197.53521126760563,66.5853652954,172.27193932540249,83.48683459492248,455-2237
26.07874417803958,45.7000007629,13.776223891847117,1.0303066872586328,11.589495190324183,0.15547703180212014,15.307420494699647,166.25441696113074,65.3658599854,87.76975983613292,160.86435445655508,455-2237
41.626992344858685,62.9799995422,17.914943326052676,0.42656935891967374,5.227107033559728,0.08923076923076922,15.5,129.84615384615384,65.0,129.3145484883272,108.57247049250104,455-2237
52.36381271293519,77.0199966431,21.80825476231198,0.44999248847764317,5.8317383702019345,0.07242339832869081,15.307799442896936,150.69637883008357,64.1463470459,104.91571642417671,132.06420767214553,455-2237
52.89840743902457,69.4099960327,16.80997767076324,0.4232291413066235,1.8111909692980923,0.018229166666666668,19.182291666666668,0.0,41.3414649963,115.05092580574802,77.61568519907262,455-2241
57.77980580937212,73.5400009155,22.45640328023384,0.42058181779983816,2.803252318095442,0.10996563573883161,27.532646048109967,476.11683848797253,61.8292694092,84.37325801192041,158.28619763030088,455-2247
53.32312182041369,70.6299972534,22.230781409001928,0.8146094909406584,3.6018937002757734,0.0594059405940594,25.988448844884488,301.1551155115512,60.1219520569,94.92838689690434,136.801457064619,455-2247
28.87569998860067,47.6100006104,13.039182537462121,0.7101116352839254,9.829800228716664,0.05421686746987952,21.0,281.17469879518075,78.5365905762,113.05807742619135,150.0459228623792,455-2273
39.81298561549471,58.0599975586,19.909970943492603,0.4147190228635781,5.693446720556967,0.16287878787878787,21.0,302.84090909090907,77.6829376221,150.32151641417977,111.62417015632764,455-2273
40.25973679902617,55.2799987793,16.241352811862345,0.5365982145611486,2.0156953195886573,0.08682634730538923,20.652694610778443,304.79041916167665,76.707321167,119.84212763833088,138.25506688327988,455-2273
44.03444937214909,70.7200012207,20.40230263230089,0.6273888384113847,5.5821264765217595,0.03617571059431524,10.617571059431524,182.94573643410854,55.8536605835,40.56690952145028,297.39486759909084,455-2277
31.375702189634495,51.9499969482,16.01922001109635,0.9546259598518717,8.882622695889001,0.15593220338983052,11.01864406779661,220.84745762711864,55.2439041138,142.9452828844956,83.47727919236617,455-2277
29.97172342028364,45.7399978638,17.00662126069982,1.367654554286989,7.965816766197042,0.2697841726618705,11.343525179856115,298.9208633093525,54.2682952881,206.3071660895456,56.81795743896652,455-2277
23.967102309249018,48.5299987793,16.583175029106442,1.1268412560818486,13.852133403638833,0.21323529411764705,11.0,232.35294117647058,53.2926864624,195.64882010808753,58.836134404076375,455-2277
30.20093360821173,48.7700004578,15.646508160486807,0.8107687925161098,9.246736415658471,0.11349693251533742,10.906441717791411,45.39877300613497,52.6829299927,143.0215889144565,79.56500109385212,455-2277
28.355952546749503,68.2099990845,18.906993478370396,0.9061043378228568,5.42490136945998,0.13583815028901733,10.803468208092486,192.0520231213873,50.365852356,241.5611488524683,45.0363154860647,455-2277
42.479525420656906,69.4899978638,17.9184379775859,0.5606781795549065,4.677402287337211,0.03753351206434316,10.837801608579088,128.9544235924933,49.1463432312,65.54076396683318,161.96958191258213,455-2277
26.504323723693123,41.6699981689,11.48888929534987,0.46537282560413035,5.0238885283479995,0.10689655172413794,9.213793103448277,438.2758620689655,100.0,112.65774838492761,191.73115306900493,455-2279
29.281143295808636,43.1100006104,12.329063077202754,0.4052591279372478,4.210727344749389,0.12012987012987013,7.978896103896104,92.53246753246754,100.0,103.37424688906519,208.9495270826957,455-2279
39.52302180549776,51.5299987793,9.464264842742084,0.3403634105426593,1.4055791031065332,0.01488833746898263,7.009925558312655,500.0,99.3902435303,116.6189508450693,184.08922775395118,455-2279
42.52931148343565,66.2600021362,19.259836165816036,0.5042618041843124,4.585138310359258,0.03591160220994475,7.0,452.6243093922652,98.0487823486,104.33690278861262,202.9822279678503,455-2279
30.564979275547465,43.6199989319,13.4687635808369,0.7534962891301764,7.439120594145974,0.12323943661971831,6.654929577464789,462.8521126760563,96.8292694092,189.56980496588787,110.32939658375852,455-2279
37.91202734551208,57.3199996948,15.518023223232554,0.38233500191229497,5.796348071394762,0.04932735426008968,7.0,450.0,94.8780517578,158.52114237079374,129.28028951336017,455-2279
35.050266699650706,66.0899963379,18.889296977699328,0.8742758435870928,13.038583858971737,0.1021021021021021,13.442942942942944,690.2402402402403,91.5853652954,218.55410301705908,90.51506528917598,455-2280
51.86772596835958,85.4199981689,26.48341354073842,0.8394153999689546,3.638373174239868,0.09206349206349207,14.0,252.38095238095238,88.9024429321,126.74936648974021,151.50314518446126,455-2280
37.21700402964366,63.5999984741,15.74084760962106,0.8916326606269793,6.526136549187904,0.02358490566037736,14.179245283018869,8.49056603773585,87.3170700073,65.64046818876017,287.3301736261282,455-2280
54.17555961694162,76.3199996948,27.060496639297227,0.6373397444820338,2.5937276574826336,0.14885496183206107,15.270992366412214,115.45801526717557,83.9024429321,180.80895816343065,100.23246556706856,455-2281
38.530238677642224,53.469997406,15.731975570295342,0.2975842359325773,4.623976013955769,0.08493150684931507,11.304109589041095,944.5205479452055,66.8292770386,124.69071144036981,115.76743506865654,455-2287
29.415324519320972,46.3499984741,16.150436041283523,0.5141196496804429,10.422906411162222,0.1717171717171717,11.0,980.4713804713805,65.7317123413,224.96562277086588,63.11208659725727,455-2287
35.41455770212887,53.3199996948,16.884811992619404,0.3495942648021894,3.9451951147863755,0.1398176291793313,10.919452887537993,1192.09726443769,65.0,83.07126106300798,169.01151878928292,455-2287
35.31236870892008,50.1399993896,17.613517165496695,0.3352357830809231,6.3324719568059695,0.20447284345047922,10.686900958466454,1180.031948881789,64.5121994019,294.5020732589348,47.31591501754443,455-2287
19.013380858538344,43.6899986267,13.872893808704827,0.3410165788281623,16.888511363380115,0.430327868852459,10.5,1150.4098360655737,62.9268341064,208.29034501299193,65.25600678290968,455-2287
50.265616853581726,74.0599975586,23.588121299974794,0.5527606489066498,2.9798209670456184,0.050666666666666665,10.5,566.1333333333333,62.1951217651,228.85111465136035,58.702560054066765,455-2287
51.32269000061448,69.4000015259,20.86948930546829,0.34304473625732795,2.5597761858076384,0.04594594594594595,10.122972972972972,665.1351351351351,59.024394989,109.56808634198117,116.35933183893803,455-2287
51.280449252938,76.4300003052,29.362433705825268,1.5782435080144688,6.334451738326894,0.22377622377622378,10.5,393.006993006993,57.682926178,162.9817777651655,76.44727051879663,455-2287
71.73189711751797,91.0199966431,13.297690079207424,0.17661481020634795,0.7583896946653989,0.0,9.094936708860759,283.4177215189873,52.5609779358,133.42687547139414,85.08908864141726,455-2290
61.51265244300342,79.2099990845,24.307917001631818,0.3106259807252874,1.1108381290718992,0.09722222222222222,9.682291666666666,350.0,48.7804870605,168.17234809751253,62.653494015309214,455-2290
35.571861217761864,66.1599960327,23.2088912406174,0.99518313642961,11.824170882084154,0.36681222707423583,9.517467248908297,213.75545851528383,47.4390258789,94.37617383168235,108.57432733093604,455-2290
50.94633050120588,73.2999954224,20.00248678118237,0.30500530435039347,2.2921375085763334,0.0,9.5,0.0,46.3414649963,146.63208956070727,68.26443290270818,455-2290
48.69059619619045,69.6199951172,23.415117046817752,0.6031715553181568,5.028067399141612,0.11842105263157894,9.5,36.8421052631579,43.9024391174,89.64514896219701,105.78293370182598,455-2290
58.70916532747387,78.5499954224,26.743304740869668,0.27925393472462473,3.9226536857034535,0.12,11.5,32.666666666666664,46.5853691101,81.88995118367812,122.87758854821728,455-2298
46.01658651595413,71.7600021362,17.06335947296423,0.504520600964357,4.126753819929586,0.0453257790368272,8.90084985835694,450.0,100.0,176.52905221503923,122.3594628134519,455-2300
51.06838217042968,67.1599960327,16.08972321741584,0.5136926034253119,3.053149207839537,0.021447721179624665,8.0,450.0,100.0,149.1457411902388,144.82478566014638,455-2300
26.94188131089476,62.0799980164,15.593780004034365,0.39313850718495236,11.75456647904422,0.14240506329113925,9.0,158.86075949367088,73.7804870605,146.0819551837426,109.0934550062866,455-2305
28.128402143716627,51.2299995422,14.96194011171744,0.7606636952241627,5.704743128744232,0.1165644171779141,8.800613496932515,185.7361963190184,72.0731735229,126.90934812697158,122.66870573924123,455-2305
43.155375910131674,57.6699981689,16.27113808756392,0.3777402699778647,3.6646077107361092,0.08463949843260188,8.5,289.6551724137931,71.341468811,101.26367526587848,152.1745801020559,455-2305
37.5781857349714,58.4599990845,16.91570399926041,0.47258512276958803,2.3890824165759645,0.08962264150943396,8.5,366.50943396226415,70.4878082275,164.48712921453907,92.56266219639406,455-2305
63.00576297740646,86.0800018311,20.475528392352217,0.23951776502043035,3.020984374636536,0.0,12.0,0.0,47.317073822,87.24863438750462,117.14209646146317,455-2310
16.1702130429668,31.2199993134,7.2399018176041485,0.4629840603979846,6.556332745662855,0.06017191977077364,11.60888252148997,65.32951289398281,44.5121955872,55.64411009206864,172.78799554754033,455-2310
23.27644389545921,59.7099990845,20.37237385691354,0.5655629784463502,5.470063351903153,0.08430232558139535,11.734011627906977,32.70348837209303,44.2682914734,157.09452982786704,60.8674978608848,455-2310
53.49469916611387,70.7799987793,26.276727142835963,0.331567697922764,3.9556990831518664,0.14901960784313725,12.0,0.0,44.2682914734,96.76517023250531,98.81604026819925,455-2310
39.427853942995405,84.3699951172,30.549831770173675,0.3014268088326649,4.191386857080747,0.04885057471264368,12.189655172413794,9.051724137931034,43.7804908752,107.55051984660044,87.92692069300223,455-2310
32.45107376575359,67.8199996948,22.27723815138562,0.6638744703772159,10.557780387435008,0.1357142857142857,12.221428571428572,13.928571428571429,41.5853691101,143.19713325247798,62.72779017121951,455-2310
40.635713476931976,70.5299987793,22.38751018204257,0.681894210700957,4.989084881723803,0.12203389830508475,12.5,85.42372881355932,40.7317085266,168.1541625721878,52.32132768624528,455-2310
54.8942371925679,72.2099990845,16.956189296031564,0.5143055511527987,3.5070373038925537,0.03187250996015936,12.5,222.31075697211156,40.0,147.9524660487914,58.39713409812799,455-2310
33.13814744596215,60.0599975586,12.079558209930461,0.6663291203879396,6.750849747972881,0.0,3.7987654320987656,679.5061728395061,87.1951217651,109.60723727227325,171.83305381994126,455-2314
38.63899924277714,64.1699981689,19.581014585218945,0.3397154931965912,8.50010775978926,0.08536585365853659,1.5,887.0426829268292,100.0,179.3548270584968,120.43166249969472,455-2323
41.90430367071642,59.1499977112,16.097080417061026,0.5987690422476919,5.761523179747222,0.06790123456790123,1.970679012345679,432.4074074074074,100.0,133.090285214164,162.29584274496125,455-2323
28.295497558212915,46.3499984741,13.017540804876072,0.36920987080083123,11.20044394480502,0.06872852233676977,2.0,400.0,99.3902435303,173.35253561688148,123.84181475136246,455-2323
43.98564548739275,64.4199981689,20.501186958829166,0.3261002167648124,4.820468012122215,0.11787072243346007,2.3688212927756656,435.361216730038,98.0487823486,31.030249430887718,682.5126248007643,455-2323
36.10995574412239,52.3600006104,16.065846659570386,0.33210735342889613,6.432894952160848,0.07630522088353414,2.4759036144578315,400.0,96.9512252808,274.01443162360596,76.42467784112405,455-2323
38.30180146943625,55.2399978638,15.815475139791914,0.680260653773783,5.187196306947119,0.036414565826330535,2.0,400.0,94.7561035156,214.85283907282644,95.26203352813042,455-2323
57.05359291971981,72.5299987793,11.35556695075591,0.41543570624063664,3.0959617876823167,0.0,1.8300733496332517,400.0,92.0731735229,139.99623485853488,142.05957396670615,455-2323
54.524587375564764,68.7799987793,14.217056800320464,0.33197786433065196,1.9780729360093117,0.009876543209876543,1.5,860.4938271604939,88.9024429321,96.32117263255054,199.3635163329003,455-2323
43.87059200416203,59.7099990845,24.83382696110465,0.3411781398151152,9.260347791332975,0.39487179487179486,1.9307692307692308,495.38461538461536,87.0731735229,156.84754449148915,119.91137981740575,455-2323
22.25920850140435,38.7399978638,13.227709985351856,1.3569331396865094,18.279352586114683,0.22026431718061673,13.691629955947137,140.5286343612335,66.2195205688,172.52641511244892,82.90566075657543,455-2329
35.97577310885688,52.25,14.12922143011871,0.5481281559100905,4.7701813904644155,0.05084745762711865,9.159604519774012,54.23728813559322,87.8048782349,172.91357114503063,109.6840090291748,455-2335
38.15137513771973,52.5399971008,14.716338986684088,0.3507766184816502,2.4113425540529034,0.04792332268370607,9.93290734824281,152.3961661341853,85.7317123413,59.55372875864037,310.94694239500666,455-2335
33.545295797314466,46.9099998474,12.071098226780062,0.3873974873801884,1.9118930941203887,0.06642066420664207,10.027675276752767,60.88560885608856,84.1463470459,107.25198607775152,169.466427863985,455-2335
43.32182251421681,57.7299995422,17.269043508333368,0.3314937581201528,3.982316772039339,0.051351351351351354,1.5,1672.837837837838,100.0,132.1307371996142,163.4744530893533,455-2339
30.589105635506378,49.1399993896,16.67804264209003,0.8250919648291047,6.045563969196611,0.21666666666666667,0.44166666666666665,1169.8333333333333,100.0,283.9515155786418,76.06932456755199,455-2339
33.415124735945845,54.8899993896,16.75831611549499,0.4256752506272997,4.623429846415617,0.16216216216216217,0.6426426426426426,983.3333333333334,100.0,138.1504816453426,156.35124642888417,455-2339
34.79779984384763,53.8899993896,16.284602805685005,0.318567515641003,5.776081122237575,0.07588075880758807,0.6260162601626016,992.1409214092141,100.0,205.38420372012413,105.16875012176786,455-2339
41.65125349344928,67.2699966431,23.83565035220985,0.7530255918062415,6.194645765911925,0.14939024390243902,-0.9070121951219512,988.109756097561,98.2926864624,191.82174941079407,110.68202819071823,455-2339
59.82861471798313,77.1599960327,12.806300198683449,0.40553862445612415,0.6398256109329085,0.015424164524421594,-0.6799485861182519,951.0282776349615,96.2195129395,156.88797923928067,132.47295870408135,455-2339
46.23974795521582,68.3799972534,19.12805907320561,0.5000170619705911,1.7383155262018957,0.051587301587301584,0.7956349206349206,902.9761904761905,93.4146347046,108.28613115728001,186.335598848635,455-2339
56.623414780042104,67.189994812,21.20881341650135,0.3637331841392399,2.2054006148765155,0.09295774647887324,6.635211267605634,1231.1267605633802,64.7561035156,147.09019299306212,95.09348022970742,455-2344
70.83042369842424,84.8300018311,10.564258002959765,0.23169078629022646,1.2680787220036023,0.0,11.0,101.25,88.048789978,115.94570222153699,164.0296989957364,455-2355
31.625232787888567,63.0599975586,22.974431171291478,0.5820108074181772,6.494526767096092,0.09322033898305085,11.0,206.49717514124293,85.2439041138,70.3116656065644,261.8723810585105,455-2355
56.47537124663973,77.25,26.97462711052495,0.32176413220742833,0.9895143896299329,0.21338912133891214,11.889121338912133,28.87029288702929,85.0000076294,229.45381067978715,80.0161112755394,455-2355
17.199188876788106,43.3199996948,12.108625110708845,0.6174432388213192,32.63923393752499,0.5819209039548022,11.5,5.932203389830509,83.2926864624,177.22109844513608,101.51850109115591,455-2355
46.285858321935976,61.8599967957,21.264048089874066,0.3313542709304738,4.939786707629904,0.11724137931034483,11.5,262.7586206896552,83.0487823486,142.2766196232364,126.08211408733742,455-2355
62.80886218945185,76.5899963379,14.560191483158915,0.5809673829360258,1.7406292931383331,0.014925373134328358,11.5,151.11940298507463,81.8292694092,159.3610531340781,110.91243340062688,455-2355
46.160758037649416,62.5900001526,24.227692231284426,0.9979686421644871,5.953489996328568,0.24579124579124578,8.282828282828282,718.6868686868687,78.5365905762,143.1674383480118,118.48995665636829,455-2356
34.2140467949009,53.3299980164,14.03398897694305,0.714744000234867,7.163938640784811,0.03076923076923077,6.938461538461539,1119.6153846153845,76.5853729248,231.57931246794746,71.43315339985914,455-2356
35.61126587708387,58.2299995422,18.167105949683247,0.7454585110586626,4.362016263638872,0.13544668587896252,6.824207492795389,1040.3458213256483,73.9024353027,188.71668850558876,84.58672177744612,455-2356
39.9604254151958,59.2899971008,19.102572029050048,0.7089841920885102,5.07312237864246,0.11594202898550725,6.959420289855072,1054.927536231884,68.2926864624,150.73903583445286,97.85932485384032,455-2357
40.50806188333767,62.5900001526,15.592795276521587,0.6766908851500385,5.071623827620425,0.04020100502512563,7.312814070351759,1099.1206030150754,67.0731735229,144.17406594268533,100.48829091568976,455-2357
32.61045947134576,66.6999969482,22.076454400846004,0.7556614390446873,11.30960409654149,0.18983050847457628,12.071186440677966,146.10169491525423,82.9268341064,112.52554616019316,159.18337460439705,455-2360
38.75728078798599,63.0399971008,19.823181756860837,0.7009866404617107,4.06147089424367,0.09117647058823529,12.5,328.97058823529414,81.0975646973,143.85947067237902,121.76517745230431,455-2360
61.49074073225498,78.4700012207,24.614920789900083,0.3628885099702894,1.9587337453869629,0.11006289308176101,12.437106918238994,124.21383647798743,79.6341552734,146.73666261883207,117.22344799224592,455-2360
51.07113411620076,69.2699966431,27.198858856309126,0.4298584475635929,3.9724700706678235,0.26877470355731226,12.5,257.3122529644269,76.0975646973,177.64114120199346,92.52965761983263,455-2360
44.708262774677706,66.5699996948,25.44805462557211,0.6910890444440317,2.727110168808379,0.3302325581395349,12.5,330.4651162790698,74.3902435303,241.76343819170074,66.46287264414157,455-2360
13.111311085888524,24.5299987793,7.815004121111149,0.5741684560186946,18.864931687397306,0.32222222222222224,12.0,71.94444444444444,72.5609741211,249.46889031118863,62.82615195268162,455-2360
36.29429787833719,75.0899963379,21.972624767134498,0.7767184579347037,6.710876832565921,0.06017191977077364,12.0,185.53008595988538,71.9512176514,151.57538661384922,102.5328937625972,455-2360
42.8575506271817,68.8899993896,18.355747392860625,0.5005411747827647,6.615910531139177,0.02512562814070352,12.0,323.6180904522613,70.7317123413,77.83674120909971,196.28326711004027,455-2360
41.570899399915305,66.9700012207,20.690960604250577,0.5337804503721134,4.701557896694659,0.08529411764705883,8.929411764705883,240.2941176470588,79.2682952881,156.56001200851767,109.36350580567199,455-2377
62.80740239528495,72.3799972534,27.66754407298064,0.3500208726528679,1.482712210850755,0.1969111969111969,9.0,0.0,76.4634246826,180.73734837274586,91.38177515683932,455-2377
60.75481746728108,76.1599960327,16.35938778394877,0.4526760477938013,2.827151613765453,0.02278481012658228,9.0,52.40506329113924,74.8780517578,135.78448573402022,119.11271815961636,455-2377
43.831607171660735,56.1299972534,16.043203452060542,0.35960037216276997,2.0540844000542617,0.03932584269662921,13.0,0.0,71.341468811,142.00172696775556,108.51809757690556,541-672
48.43741475419491,66.5599975586,22.378329299446253,0.40819594689280486,4.162041609873423,0.11295681063122924,12.96843853820598,0.0,69.3902511597,57.9150895874681,258.79773919469903,541-672
41.470467922090464,59.6999969482,18.090466242454543,0.42228207112545374,1.4596236302974257,0.096045197740113,9.5,865.1129943502825,67.3170776367,165.58387520938388,87.81343443702163,541-673
58.970411583057526,73.6500015259,12.728518207595405,0.2811097378331755,2.8097727342748344,0.0,9.673543689320388,1500.0,65.8536605835,124.30706156589218,114.4294660886662,541-673
56.26185061250709,72.4300003052,16.614843327475597,0.42330368837978616,1.8853541170865755,0.02072538860103627,5.924870466321243,0.0,37.3170776367,110.52414017501967,72.92966728140182,541-693
38.15940791632704,66.2999954224,22.309673772764583,0.4564358109745382,12.364026971440225,0.125,4.642241379310345,0.0,34.634147644,107.13386464047224,69.82830234127383,541-693
56.71091544263663,82.3099975586,29.73218667295532,0.5680002687367817,4.401063789100859,0.11923076923076924,-1.0096153846153846,1530.7692307692307,79.2682952881,179.10303116682678,95.59833616819827,541-834
71.18475900548943,85.7099990845,17.74180256783504,0.2806498183307635,1.6457439359968373,0.0,6.832493702770781,744.3324937027708,74.7561035156,165.16423076531143,97.76522606952338,541-1072
55.8680769286645,74.2299957275,19.497451448623703,0.3559544953091933,2.4823039844632677,0.04953560371517028,6.613003095975232,661.7647058823529,70.0,93.33525141699128,161.99667082321128,541-1072
44.66698850479557,58.6499977112,18.978664096820168,0.30824903263575,1.6168098151381387,0.11890243902439024,7.0,778.9634146341464,66.8292770386,178.46442881189532,80.8851597847125,541-1073
65.20996144259578,84.0,29.95573692174214,0.5993927608783882,2.0053681609082488,0.16149068322981366,7.0,857.1428571428571,65.3658599854,266.70120265165747,52.93949039775225,541-1073
63.98804720901439,82.0899963379,12.876273944893153,0.2682524717961834,1.3695171351825102,0.0,7.0,914.0243902439024,61.4634170532,94.64978872060595,140.26548038771156,541-1073
38.05101271255778,70.6999969482,26.02865957003765,0.7890337681919499,6.933241459093975,0.10030395136778116,31.437689969604865,299.5440729483283,68.0487823486,121.82848584552771,120.64942681742424,541-1148
53.38908936532229,72.8799972534,24.58924830593363,0.7438693370506045,3.253816916923841,0.15725806451612903,30.703629032258064,0.0,62.8048782349,148.7000810077234,91.22963220197437,541-1151
61.376644170056146,77.5199966431,26.218665896454322,0.42538065691193144,5.4359188543000405,0.12021857923497267,30.737704918032787,0.0,59.1463432312,123.4887779517371,103.45563661608399,541-1153
